-- MySQL dump 10.13  Distrib 8.0.17, for macos10.14 (x86_64)
--
-- Host: localhost    Database: SALESMANAGER
-- ------------------------------------------------------
-- Server version	8.0.17

/*!40101 SET @OLD_CHARACTER_SET_CLIENT=@@CHARACTER_SET_CLIENT */;
/*!40101 SET @OLD_CHARACTER_SET_RESULTS=@@CHARACTER_SET_RESULTS */;
/*!40101 SET @OLD_COLLATION_CONNECTION=@@COLLATION_CONNECTION */;
/*!50503 SET NAMES utf8mb4 */;
/*!40103 SET @OLD_TIME_ZONE=@@TIME_ZONE */;
/*!40103 SET TIME_ZONE='+00:00' */;
/*!40014 SET @OLD_UNIQUE_CHECKS=@@UNIQUE_CHECKS, UNIQUE_CHECKS=0 */;
/*!40014 SET @OLD_FOREIGN_KEY_CHECKS=@@FOREIGN_KEY_CHECKS, FOREIGN_KEY_CHECKS=0 */;
/*!40101 SET @OLD_SQL_MODE=@@SQL_MODE, SQL_MODE='NO_AUTO_VALUE_ON_ZERO' */;
/*!40111 SET @OLD_SQL_NOTES=@@SQL_NOTES, SQL_NOTES=0 */;

--
-- Table structure for table `AVAILABILITY_VARIATION`
--

DROP TABLE IF EXISTS `AVAILABILITY_VARIATION`;
/*!40101 SET @saved_cs_client     = @@character_set_client */;
/*!50503 SET character_set_client = utf8mb4 */;
CREATE TABLE `AVAILABILITY_VARIATION` (
  `PRODUCT_AVAIL_ID` bigint(20) NOT NULL,
  `PRODUCT_VARIANTION_ID` bigint(20) NOT NULL,
  PRIMARY KEY (`PRODUCT_AVAIL_ID`,`PRODUCT_VARIANTION_ID`),
  KEY `FK1gxel47p32k4xsnp72ooxd0ne` (`PRODUCT_VARIANTION_ID`),
  CONSTRAINT `FK1gxel47p32k4xsnp72ooxd0ne` FOREIGN KEY (`PRODUCT_VARIANTION_ID`) REFERENCES `product_variation` (`PRODUCT_VARIANTION_ID`),
  CONSTRAINT `FK2khsh7gvb4pf291j0oosnv7fs` FOREIGN KEY (`PRODUCT_AVAIL_ID`) REFERENCES `product_availability` (`PRODUCT_AVAIL_ID`)
) ENGINE=InnoDB DEFAULT CHARSET=utf8mb4 ;
/*!40101 SET character_set_client = @saved_cs_client */;

--
-- Dumping data for table `AVAILABILITY_VARIATION`
--

LOCK TABLES `AVAILABILITY_VARIATION` WRITE;
/*!40000 ALTER TABLE `AVAILABILITY_VARIATION` DISABLE KEYS */;
/*!40000 ALTER TABLE `AVAILABILITY_VARIATION` ENABLE KEYS */;
UNLOCK TABLES;

--
-- Table structure for table `CATALOG`
--

DROP TABLE IF EXISTS `CATALOG`;
/*!40101 SET @saved_cs_client     = @@character_set_client */;
/*!50503 SET character_set_client = utf8mb4 */;
CREATE TABLE `CATALOG` (
  `id` bigint(20) NOT NULL,
  `DATE_CREATED` datetime DEFAULT NULL,
  `DATE_MODIFIED` datetime DEFAULT NULL,
  `UPDT_ID` varchar(60) DEFAULT NULL,
  `CODE` varchar(100) NOT NULL,
  `DEFAULT_CATALOG` bit(1) DEFAULT NULL,
  `SORT_ORDER` int(11) DEFAULT NULL,
  `VISIBLE` bit(1) DEFAULT NULL,
  `MERCHANT_ID` int(11) NOT NULL,
  PRIMARY KEY (`id`),
  UNIQUE KEY `UK32mubpubtaqu30n34bwl7xiis` (`MERCHANT_ID`,`CODE`),
  CONSTRAINT `FKranq0rweb0r6j31j565ak51g8` FOREIGN KEY (`MERCHANT_ID`) REFERENCES `merchant_store` (`MERCHANT_ID`)
) ENGINE=InnoDB DEFAULT CHARSET=utf8mb4 ;
/*!40101 SET character_set_client = @saved_cs_client */;

--
-- Dumping data for table `CATALOG`
--

LOCK TABLES `CATALOG` WRITE;
/*!40000 ALTER TABLE `CATALOG` DISABLE KEYS */;
/*!40000 ALTER TABLE `CATALOG` ENABLE KEYS */;
UNLOCK TABLES;

--
-- Table structure for table `CATALOG_ENTRY`
--

DROP TABLE IF EXISTS `CATALOG_ENTRY`;
/*!40101 SET @saved_cs_client     = @@character_set_client */;
/*!50503 SET character_set_client = utf8mb4 */;
CREATE TABLE `CATALOG_ENTRY` (
  `id` bigint(20) NOT NULL,
  `DATE_CREATED` datetime DEFAULT NULL,
  `DATE_MODIFIED` datetime DEFAULT NULL,
  `UPDT_ID` varchar(60) DEFAULT NULL,
  `VISIBLE` bit(1) DEFAULT NULL,
  `CATALOG_ID` bigint(20) NOT NULL,
  `CATEGORY_ID` bigint(20) NOT NULL,
  PRIMARY KEY (`id`),
  UNIQUE KEY `UK5q8159i414r299kia2w9re90k` (`CATEGORY_ID`,`CATALOG_ID`),
  KEY `FKqp2j48hb3vodovb8gn2o4gox` (`CATALOG_ID`),
  CONSTRAINT `FK374wks7em54d0oghju0earttl` FOREIGN KEY (`CATEGORY_ID`) REFERENCES `category` (`CATEGORY_ID`),
  CONSTRAINT `FKqp2j48hb3vodovb8gn2o4gox` FOREIGN KEY (`CATALOG_ID`) REFERENCES `catalog` (`id`)
) ENGINE=InnoDB DEFAULT CHARSET=utf8mb4 ;
/*!40101 SET character_set_client = @saved_cs_client */;

--
-- Dumping data for table `CATALOG_ENTRY`
--

LOCK TABLES `CATALOG_ENTRY` WRITE;
/*!40000 ALTER TABLE `CATALOG_ENTRY` DISABLE KEYS */;
/*!40000 ALTER TABLE `CATALOG_ENTRY` ENABLE KEYS */;
UNLOCK TABLES;

--
-- Table structure for table `CATEGORY`
--

DROP TABLE IF EXISTS `CATEGORY`;
/*!40101 SET @saved_cs_client     = @@character_set_client */;
/*!50503 SET character_set_client = utf8mb4 */;
CREATE TABLE `CATEGORY` (
  `CATEGORY_ID` bigint(20) NOT NULL,
  `DATE_CREATED` datetime DEFAULT NULL,
  `DATE_MODIFIED` datetime DEFAULT NULL,
  `UPDT_ID` varchar(60) DEFAULT NULL,
  `CATEGORY_IMAGE` varchar(100) DEFAULT NULL,
  `CATEGORY_STATUS` bit(1) DEFAULT NULL,
  `CODE` varchar(100) NOT NULL,
  `DEPTH` int(11) DEFAULT NULL,
  `FEATURED` bit(1) DEFAULT NULL,
  `LINEAGE` varchar(255) DEFAULT NULL,
  `SORT_ORDER` int(11) DEFAULT NULL,
  `VISIBLE` bit(1) DEFAULT NULL,
  `MERCHANT_ID` int(11) NOT NULL,
  `PARENT_ID` bigint(20) DEFAULT NULL,
  PRIMARY KEY (`CATEGORY_ID`),
  UNIQUE KEY `UK3mq9i6qmgquvoieslx39pej6x` (`MERCHANT_ID`,`CODE`),
  KEY `FKn3kekntr7pm8g9v8ask698ato` (`PARENT_ID`),
  CONSTRAINT `FK8a09asq5fcx0a88i4m8nsixy` FOREIGN KEY (`MERCHANT_ID`) REFERENCES `merchant_store` (`MERCHANT_ID`),
  CONSTRAINT `FKn3kekntr7pm8g9v8ask698ato` FOREIGN KEY (`PARENT_ID`) REFERENCES `category` (`CATEGORY_ID`)
) ENGINE=InnoDB DEFAULT CHARSET=utf8mb4 ;
/*!40101 SET character_set_client = @saved_cs_client */;

--
-- Dumping data for table `CATEGORY`
--

LOCK TABLES `CATEGORY` WRITE;
/*!40000 ALTER TABLE `CATEGORY` DISABLE KEYS */;
INSERT INTO `CATEGORY` VALUES (1,'2021-06-11 16:30:21','2021-06-11 16:30:21','admin@shopizer.com',NULL,_binary '\0','F001',0,_binary '\0','/1/',0,_binary '',1,NULL),(2,'2021-06-25 17:16:03','2021-06-25 17:16:03','admin@shopizer.com',NULL,_binary '\0','V001',0,_binary '\0','/2/',0,_binary '',1,NULL),(50,'2021-06-17 18:25:58','2021-06-17 18:25:58','admin@shopizer.com',NULL,_binary '\0','Premium-Fruits',1,_binary '\0','/1//50/',0,_binary '',1,1),(100,'2021-06-25 17:13:41','2021-06-25 17:13:41','admin@shopizer.com',NULL,_binary '\0','seasonal_fruit',1,_binary '\0','/1//100/',0,_binary '',1,1),(101,'2021-06-25 17:17:25','2021-06-25 17:17:25','admin@shopizer.com',NULL,_binary '\0','seasonal-veg',1,_binary '\0','/2//101/',0,_binary '',1,2),(102,'2021-06-25 17:18:10','2021-06-25 17:18:10','admin@shopizer.com',NULL,_binary '\0','premium_vegetable',1,_binary '\0','/2//102/',0,_binary '',1,2);
/*!40000 ALTER TABLE `CATEGORY` ENABLE KEYS */;
UNLOCK TABLES;

--
-- Table structure for table `CATEGORY_DESCRIPTION`
--

DROP TABLE IF EXISTS `CATEGORY_DESCRIPTION`;
/*!40101 SET @saved_cs_client     = @@character_set_client */;
/*!50503 SET character_set_client = utf8mb4 */;
CREATE TABLE `CATEGORY_DESCRIPTION` (
  `DESCRIPTION_ID` bigint(20) NOT NULL,
  `DATE_CREATED` datetime DEFAULT NULL,
  `DATE_MODIFIED` datetime DEFAULT NULL,
  `UPDT_ID` varchar(60) DEFAULT NULL,
  `DESCRIPTION` longtext,
  `NAME` varchar(120) NOT NULL,
  `TITLE` varchar(100) DEFAULT NULL,
  `CATEGORY_HIGHLIGHT` varchar(255) DEFAULT NULL,
  `META_DESCRIPTION` varchar(255) DEFAULT NULL,
  `META_KEYWORDS` varchar(255) DEFAULT NULL,
  `META_TITLE` varchar(120) DEFAULT NULL,
  `SEF_URL` varchar(120) DEFAULT NULL,
  `LANGUAGE_ID` int(11) NOT NULL,
  `CATEGORY_ID` bigint(20) NOT NULL,
  PRIMARY KEY (`DESCRIPTION_ID`),
  UNIQUE KEY `UKbuesqq6cyx7e5hy3mf30cfieq` (`CATEGORY_ID`,`LANGUAGE_ID`),
  KEY `FKl4j5boteutpu1p8f67kydpnmd` (`LANGUAGE_ID`),
  CONSTRAINT `FKa58u7d0ydfgref1iaux5efyov` FOREIGN KEY (`CATEGORY_ID`) REFERENCES `category` (`CATEGORY_ID`),
  CONSTRAINT `FKl4j5boteutpu1p8f67kydpnmd` FOREIGN KEY (`LANGUAGE_ID`) REFERENCES `language` (`LANGUAGE_ID`)
) ENGINE=InnoDB DEFAULT CHARSET=utf8mb4 ;
/*!40101 SET character_set_client = @saved_cs_client */;

--
-- Dumping data for table `CATEGORY_DESCRIPTION`
--

LOCK TABLES `CATEGORY_DESCRIPTION` WRITE;
/*!40000 ALTER TABLE `CATEGORY_DESCRIPTION` DISABLE KEYS */;
INSERT INTO `CATEGORY_DESCRIPTION` VALUES (1,'2021-06-11 16:30:21','2021-06-11 16:30:21',NULL,'<p>  Premium Fruits</p>\n','Fruits',NULL,'Premium Fruits','gurgaon','premium fruits','Premium Fruits','fruits',1,1),(2,'2021-06-25 17:16:03','2021-06-25 17:16:03',NULL,'<p>Vegetable</p>\n','Veggies',NULL,'Vegetable','Vegetable','Vegetable','Vegetable','Vegetable',1,2),(3,'2021-06-17 18:25:58','2021-06-17 18:25:58',NULL,'<p>  Premium Fruits</p>\n','Premium Fruits',NULL,'Premium Fruits','Premium Fruits','Premium Fruits','Premium Fruits','Premium Fruits',1,50),(4,'2021-06-25 17:13:41','2021-06-25 17:13:41',NULL,'<p>  Seasonal Fruit</p>\n','Seasonal Fruit',NULL,'Seasonal Fruit','Seasonal Fruit','Seasonal Fruit','Seasonal Fruit','seasonal-fruit',1,100),(5,'2021-06-25 17:17:25','2021-06-25 17:17:25',NULL,'<p>  Seasonal Vegetable</p>\n','Seasonal Vegetable',NULL,'Seasonal Vegetable','Seasonal Vegetable','Seasonal Vegetable','Seasonal Vegetable','Seasonal Vegetable',1,101),(6,'2021-06-25 17:18:10','2021-06-25 17:18:10',NULL,'<p>  Premium Vegetable</p>\n','Premium Vegetable',NULL,'Premium Vegetable','Premium Vegetable','Premium Vegetable','Premium Vegetable','premium-vegetable',1,102);
/*!40000 ALTER TABLE `CATEGORY_DESCRIPTION` ENABLE KEYS */;
UNLOCK TABLES;

--
-- Table structure for table `CONTENT`
--

DROP TABLE IF EXISTS `CONTENT`;
/*!40101 SET @saved_cs_client     = @@character_set_client */;
/*!50503 SET character_set_client = utf8mb4 */;
CREATE TABLE `CONTENT` (
  `CONTENT_ID` bigint(20) NOT NULL,
  `DATE_CREATED` datetime DEFAULT NULL,
  `DATE_MODIFIED` datetime DEFAULT NULL,
  `UPDT_ID` varchar(60) DEFAULT NULL,
  `CODE` varchar(100) NOT NULL,
  `CONTENT_POSITION` varchar(10) DEFAULT NULL,
  `CONTENT_TYPE` varchar(10) DEFAULT NULL,
  `LINK_TO_MENU` bit(1) DEFAULT NULL,
  `PRODUCT_GROUP` varchar(255) DEFAULT NULL,
  `SORT_ORDER` int(11) DEFAULT NULL,
  `VISIBLE` bit(1) DEFAULT NULL,
  `MERCHANT_ID` int(11) NOT NULL,
  PRIMARY KEY (`CONTENT_ID`),
  UNIQUE KEY `UKt1v2ld0mrwviquqourql4uub0` (`MERCHANT_ID`,`CODE`),
  KEY `CODE_IDX` (`CODE`),
  CONSTRAINT `FKfmoi0fkjbtfty3o8fs94t11r1` FOREIGN KEY (`MERCHANT_ID`) REFERENCES `merchant_store` (`MERCHANT_ID`)
) ENGINE=InnoDB DEFAULT CHARSET=utf8mb4 ;
/*!40101 SET character_set_client = @saved_cs_client */;

--
-- Dumping data for table `CONTENT`
--

LOCK TABLES `CONTENT` WRITE;
/*!40000 ALTER TABLE `CONTENT` DISABLE KEYS */;
INSERT INTO `CONTENT` VALUES (1,NULL,NULL,NULL,'tnc',NULL,'PAGE',_binary '',NULL,0,_binary '',1),(50,NULL,NULL,NULL,'LANDING_PAGE',NULL,'SECTION',_binary '\0',NULL,0,_binary '',1);
/*!40000 ALTER TABLE `CONTENT` ENABLE KEYS */;
UNLOCK TABLES;

--
-- Table structure for table `CONTENT_DESCRIPTION`
--

DROP TABLE IF EXISTS `CONTENT_DESCRIPTION`;
/*!40101 SET @saved_cs_client     = @@character_set_client */;
/*!50503 SET character_set_client = utf8mb4 */;
CREATE TABLE `CONTENT_DESCRIPTION` (
  `DESCRIPTION_ID` bigint(20) NOT NULL,
  `DATE_CREATED` datetime DEFAULT NULL,
  `DATE_MODIFIED` datetime DEFAULT NULL,
  `UPDT_ID` varchar(60) DEFAULT NULL,
  `DESCRIPTION` longtext,
  `NAME` varchar(120) NOT NULL,
  `TITLE` varchar(100) DEFAULT NULL,
  `META_DESCRIPTION` varchar(255) DEFAULT NULL,
  `META_KEYWORDS` varchar(255) DEFAULT NULL,
  `META_TITLE` varchar(255) DEFAULT NULL,
  `SEF_URL` varchar(120) DEFAULT NULL,
  `LANGUAGE_ID` int(11) NOT NULL,
  `CONTENT_ID` bigint(20) NOT NULL,
  PRIMARY KEY (`DESCRIPTION_ID`),
  UNIQUE KEY `UKn0w5r7ctbp88r4rvk7ayklofm` (`CONTENT_ID`,`LANGUAGE_ID`),
  KEY `FK47yxf681u0rfw2kvarhqb0r3v` (`LANGUAGE_ID`),
  CONSTRAINT `FK47yxf681u0rfw2kvarhqb0r3v` FOREIGN KEY (`LANGUAGE_ID`) REFERENCES `language` (`LANGUAGE_ID`),
  CONSTRAINT `FKk7fabfxn2flvcofwwpyg5sys` FOREIGN KEY (`CONTENT_ID`) REFERENCES `content` (`CONTENT_ID`)
) ENGINE=InnoDB DEFAULT CHARSET=utf8mb4 ;
/*!40101 SET character_set_client = @saved_cs_client */;

--
-- Dumping data for table `CONTENT_DESCRIPTION`
--

LOCK TABLES `CONTENT_DESCRIPTION` WRITE;
/*!40000 ALTER TABLE `CONTENT_DESCRIPTION` DISABLE KEYS */;
INSERT INTO `CONTENT_DESCRIPTION` VALUES (1,'2021-06-11 16:55:54','2021-06-11 16:55:54',NULL,'<p>  Terms and Conditions</p>\n','Terms and Conditions',NULL,'Terms and Conditions','Terms and Conditions','Terms and Conditions','terms-and-conditions',1,1),(2,'2021-06-21 14:30:39','2021-06-21 14:30:39',NULL,'<p>  The Farms Nest. Premium fruits and veggies online.</p>\n','The Farms Nest',NULL,'the farms nest tfn','fruits veggies vegetables online',NULL,NULL,1,50);
/*!40000 ALTER TABLE `CONTENT_DESCRIPTION` ENABLE KEYS */;
UNLOCK TABLES;

--
-- Table structure for table `COUNTRY`
--

DROP TABLE IF EXISTS `COUNTRY`;
/*!40101 SET @saved_cs_client     = @@character_set_client */;
/*!50503 SET character_set_client = utf8mb4 */;
CREATE TABLE `COUNTRY` (
  `COUNTRY_ID` int(11) NOT NULL,
  `COUNTRY_ISOCODE` varchar(255) NOT NULL,
  `COUNTRY_SUPPORTED` bit(1) DEFAULT NULL,
  `GEOZONE_ID` bigint(20) DEFAULT NULL,
  PRIMARY KEY (`COUNTRY_ID`),
  UNIQUE KEY `UK_dqb99v22pt27v0tgeqo958e6x` (`COUNTRY_ISOCODE`),
  KEY `FKd2q9e14kh1j6tm1gpbct2xwws` (`GEOZONE_ID`),
  CONSTRAINT `FKd2q9e14kh1j6tm1gpbct2xwws` FOREIGN KEY (`GEOZONE_ID`) REFERENCES `geozone` (`GEOZONE_ID`)
) ENGINE=InnoDB DEFAULT CHARSET=utf8mb4 ;
/*!40101 SET character_set_client = @saved_cs_client */;

--
-- Dumping data for table `COUNTRY`
--

LOCK TABLES `COUNTRY` WRITE;
/*!40000 ALTER TABLE `COUNTRY` DISABLE KEYS */;
INSERT INTO `COUNTRY` VALUES (1,'AL',_binary '',NULL),(2,'DZ',_binary '',NULL),(3,'AR',_binary '',NULL),(4,'AU',_binary '',NULL),(5,'AT',_binary '',NULL),(6,'BH',_binary '',NULL),(7,'BY',_binary '',NULL),(8,'BE',_binary '',NULL),(9,'BO',_binary '',NULL),(10,'BA',_binary '',NULL),(11,'BR',_binary '',NULL),(12,'BG',_binary '',NULL),(13,'CA',_binary '',NULL),(14,'CL',_binary '',NULL),(15,'CN',_binary '',NULL),(16,'CO',_binary '',NULL),(17,'CR',_binary '',NULL),(18,'HR',_binary '',NULL),(19,'CU',_binary '',NULL),(20,'CY',_binary '',NULL),(21,'CZ',_binary '',NULL),(22,'DK',_binary '',NULL),(23,'DO',_binary '',NULL),(24,'EC',_binary '',NULL),(25,'EG',_binary '',NULL),(26,'SV',_binary '',NULL),(27,'EE',_binary '',NULL),(28,'FI',_binary '',NULL),(29,'FR',_binary '',NULL),(30,'DE',_binary '',NULL),(31,'GR',_binary '',NULL),(32,'GT',_binary '',NULL),(33,'HN',_binary '',NULL),(34,'HK',_binary '',NULL),(35,'HU',_binary '',NULL),(36,'IS',_binary '',NULL),(37,'IN',_binary '',NULL),(38,'ID',_binary '',NULL),(39,'IQ',_binary '',NULL),(40,'IE',_binary '',NULL),(41,'IL',_binary '',NULL),(42,'IT',_binary '',NULL),(43,'JP',_binary '',NULL),(44,'JO',_binary '',NULL),(45,'KR',_binary '',NULL),(46,'KW',_binary '',NULL),(47,'LV',_binary '',NULL),(48,'LB',_binary '',NULL),(49,'LY',_binary '',NULL),(50,'LT',_binary '',NULL),(51,'LU',_binary '',NULL),(52,'MK',_binary '',NULL),(53,'MY',_binary '',NULL),(54,'MT',_binary '',NULL),(55,'MX',_binary '',NULL),(56,'ME',_binary '',NULL),(57,'MA',_binary '',NULL),(58,'NL',_binary '',NULL),(59,'NZ',_binary '',NULL),(60,'NI',_binary '',NULL),(61,'NO',_binary '',NULL),(62,'OM',_binary '',NULL),(63,'PA',_binary '',NULL),(64,'PY',_binary '',NULL),(65,'PE',_binary '',NULL),(66,'PH',_binary '',NULL),(67,'PL',_binary '',NULL),(68,'PT',_binary '',NULL),(69,'PR',_binary '',NULL),(70,'QA',_binary '',NULL),(71,'RO',_binary '',NULL),(72,'RU',_binary '',NULL),(73,'SA',_binary '',NULL),(74,'RS',_binary '',NULL),(75,'SG',_binary '',NULL),(76,'SK',_binary '',NULL),(77,'SI',_binary '',NULL),(78,'ZA',_binary '',NULL),(79,'ES',_binary '',NULL),(80,'SD',_binary '',NULL),(81,'SE',_binary '',NULL),(82,'CH',_binary '',NULL),(83,'SY',_binary '',NULL),(84,'TW',_binary '',NULL),(85,'TH',_binary '',NULL),(86,'TN',_binary '',NULL),(87,'TR',_binary '',NULL),(88,'UA',_binary '',NULL),(89,'AE',_binary '',NULL),(90,'GB',_binary '',NULL),(91,'US',_binary '',NULL),(92,'UY',_binary '',NULL),(93,'VE',_binary '',NULL),(94,'VN',_binary '',NULL),(95,'YE',_binary '',NULL);
/*!40000 ALTER TABLE `COUNTRY` ENABLE KEYS */;
UNLOCK TABLES;

--
-- Table structure for table `COUNTRY_DESCRIPTION`
--

DROP TABLE IF EXISTS `COUNTRY_DESCRIPTION`;
/*!40101 SET @saved_cs_client     = @@character_set_client */;
/*!50503 SET character_set_client = utf8mb4 */;
CREATE TABLE `COUNTRY_DESCRIPTION` (
  `DESCRIPTION_ID` bigint(20) NOT NULL,
  `DATE_CREATED` datetime DEFAULT NULL,
  `DATE_MODIFIED` datetime DEFAULT NULL,
  `UPDT_ID` varchar(60) DEFAULT NULL,
  `DESCRIPTION` longtext,
  `NAME` varchar(120) NOT NULL,
  `TITLE` varchar(100) DEFAULT NULL,
  `LANGUAGE_ID` int(11) NOT NULL,
  `COUNTRY_ID` int(11) NOT NULL,
  PRIMARY KEY (`DESCRIPTION_ID`),
  UNIQUE KEY `UKt7nshki1rbp6157ed0v6cx4y4` (`COUNTRY_ID`,`LANGUAGE_ID`),
  KEY `FKersrbjot9p9nfukxfd2l27c7t` (`LANGUAGE_ID`),
  CONSTRAINT `FKersrbjot9p9nfukxfd2l27c7t` FOREIGN KEY (`LANGUAGE_ID`) REFERENCES `language` (`LANGUAGE_ID`),
  CONSTRAINT `FKkd2sy7q97wr2ahvyiiqc4txji` FOREIGN KEY (`COUNTRY_ID`) REFERENCES `country` (`COUNTRY_ID`)
) ENGINE=InnoDB DEFAULT CHARSET=utf8mb4 ;
/*!40101 SET character_set_client = @saved_cs_client */;

--
-- Dumping data for table `COUNTRY_DESCRIPTION`
--

LOCK TABLES `COUNTRY_DESCRIPTION` WRITE;
/*!40000 ALTER TABLE `COUNTRY_DESCRIPTION` DISABLE KEYS */;
INSERT INTO `COUNTRY_DESCRIPTION` VALUES (1,'2021-06-11 15:22:15','2021-06-11 15:22:15',NULL,NULL,'Albania',NULL,1,1),(2,'2021-06-11 15:22:15','2021-06-11 15:22:15',NULL,NULL,'Albanie',NULL,2,1),(3,'2021-06-11 15:22:15','2021-06-11 15:22:15',NULL,NULL,'Albania',NULL,3,1),(4,'2021-06-11 15:22:15','2021-06-11 15:22:15',NULL,NULL,'Algeria',NULL,1,2),(5,'2021-06-11 15:22:15','2021-06-11 15:22:15',NULL,NULL,'Algérie',NULL,2,2),(6,'2021-06-11 15:22:15','2021-06-11 15:22:15',NULL,NULL,'Argelia',NULL,3,2),(7,'2021-06-11 15:22:15','2021-06-11 15:22:15',NULL,NULL,'Argentina',NULL,1,3),(8,'2021-06-11 15:22:15','2021-06-11 15:22:15',NULL,NULL,'Argentine',NULL,2,3),(9,'2021-06-11 15:22:15','2021-06-11 15:22:15',NULL,NULL,'Argentina',NULL,3,3),(10,'2021-06-11 15:22:15','2021-06-11 15:22:15',NULL,NULL,'Australia',NULL,1,4),(11,'2021-06-11 15:22:15','2021-06-11 15:22:15',NULL,NULL,'Australie',NULL,2,4),(12,'2021-06-11 15:22:15','2021-06-11 15:22:15',NULL,NULL,'Australia',NULL,3,4),(13,'2021-06-11 15:22:15','2021-06-11 15:22:15',NULL,NULL,'Austria',NULL,1,5),(14,'2021-06-11 15:22:15','2021-06-11 15:22:15',NULL,NULL,'Autriche',NULL,2,5),(15,'2021-06-11 15:22:15','2021-06-11 15:22:15',NULL,NULL,'Austria',NULL,3,5),(16,'2021-06-11 15:22:15','2021-06-11 15:22:15',NULL,NULL,'Bahrain',NULL,1,6),(17,'2021-06-11 15:22:15','2021-06-11 15:22:15',NULL,NULL,'Bahreïn',NULL,2,6),(18,'2021-06-11 15:22:15','2021-06-11 15:22:15',NULL,NULL,'Bahráin',NULL,3,6),(19,'2021-06-11 15:22:15','2021-06-11 15:22:15',NULL,NULL,'Belarus',NULL,1,7),(20,'2021-06-11 15:22:15','2021-06-11 15:22:15',NULL,NULL,'Biélo-Russie',NULL,2,7),(21,'2021-06-11 15:22:15','2021-06-11 15:22:15',NULL,NULL,'Bielorrusia',NULL,3,7),(22,'2021-06-11 15:22:15','2021-06-11 15:22:15',NULL,NULL,'Belgium',NULL,1,8),(23,'2021-06-11 15:22:15','2021-06-11 15:22:15',NULL,NULL,'Belgique',NULL,2,8),(24,'2021-06-11 15:22:16','2021-06-11 15:22:16',NULL,NULL,'Bélgica',NULL,3,8),(25,'2021-06-11 15:22:16','2021-06-11 15:22:16',NULL,NULL,'Bolivia',NULL,1,9),(26,'2021-06-11 15:22:16','2021-06-11 15:22:16',NULL,NULL,'Bolivie',NULL,2,9),(27,'2021-06-11 15:22:16','2021-06-11 15:22:16',NULL,NULL,'Bolivia',NULL,3,9),(28,'2021-06-11 15:22:16','2021-06-11 15:22:16',NULL,NULL,'Bosnia and Herzegovina',NULL,1,10),(29,'2021-06-11 15:22:16','2021-06-11 15:22:16',NULL,NULL,'Bosnie-Herzégovine',NULL,2,10),(30,'2021-06-11 15:22:16','2021-06-11 15:22:16',NULL,NULL,'Bosnia y Hercegovina',NULL,3,10),(31,'2021-06-11 15:22:16','2021-06-11 15:22:16',NULL,NULL,'Brazil',NULL,1,11),(32,'2021-06-11 15:22:16','2021-06-11 15:22:16',NULL,NULL,'Brésil',NULL,2,11),(33,'2021-06-11 15:22:16','2021-06-11 15:22:16',NULL,NULL,'Brasil',NULL,3,11),(34,'2021-06-11 15:22:16','2021-06-11 15:22:16',NULL,NULL,'Bulgaria',NULL,1,12),(35,'2021-06-11 15:22:16','2021-06-11 15:22:16',NULL,NULL,'Bulgarie',NULL,2,12),(36,'2021-06-11 15:22:16','2021-06-11 15:22:16',NULL,NULL,'Bulgaria',NULL,3,12),(37,'2021-06-11 15:22:16','2021-06-11 15:22:16',NULL,NULL,'Canada',NULL,1,13),(38,'2021-06-11 15:22:16','2021-06-11 15:22:16',NULL,NULL,'Canada',NULL,2,13),(39,'2021-06-11 15:22:16','2021-06-11 15:22:16',NULL,NULL,'Canadá',NULL,3,13),(40,'2021-06-11 15:22:16','2021-06-11 15:22:16',NULL,NULL,'Chile',NULL,1,14),(41,'2021-06-11 15:22:16','2021-06-11 15:22:16',NULL,NULL,'Chili',NULL,2,14),(42,'2021-06-11 15:22:16','2021-06-11 15:22:16',NULL,NULL,'Chile',NULL,3,14),(43,'2021-06-11 15:22:16','2021-06-11 15:22:16',NULL,NULL,'China',NULL,1,15),(44,'2021-06-11 15:22:16','2021-06-11 15:22:16',NULL,NULL,'Chine',NULL,2,15),(45,'2021-06-11 15:22:16','2021-06-11 15:22:16',NULL,NULL,'China',NULL,3,15),(46,'2021-06-11 15:22:16','2021-06-11 15:22:16',NULL,NULL,'Colombia',NULL,1,16),(47,'2021-06-11 15:22:16','2021-06-11 15:22:16',NULL,NULL,'Colombie',NULL,2,16),(48,'2021-06-11 15:22:16','2021-06-11 15:22:16',NULL,NULL,'Colombia',NULL,3,16),(49,'2021-06-11 15:22:16','2021-06-11 15:22:16',NULL,NULL,'Costa Rica',NULL,1,17),(50,'2021-06-11 15:22:16','2021-06-11 15:22:16',NULL,NULL,'Costa Rica',NULL,2,17),(51,'2021-06-11 15:22:16','2021-06-11 15:22:16',NULL,NULL,'Costa Rica',NULL,3,17),(52,'2021-06-11 15:22:16','2021-06-11 15:22:16',NULL,NULL,'Croatia',NULL,1,18),(53,'2021-06-11 15:22:16','2021-06-11 15:22:16',NULL,NULL,'Croatie',NULL,2,18),(54,'2021-06-11 15:22:16','2021-06-11 15:22:16',NULL,NULL,'Croacia',NULL,3,18),(55,'2021-06-11 15:22:16','2021-06-11 15:22:16',NULL,NULL,'Cuba',NULL,1,19),(56,'2021-06-11 15:22:16','2021-06-11 15:22:16',NULL,NULL,'Cuba',NULL,2,19),(57,'2021-06-11 15:22:16','2021-06-11 15:22:16',NULL,NULL,'Cuba',NULL,3,19),(58,'2021-06-11 15:22:16','2021-06-11 15:22:16',NULL,NULL,'Cyprus',NULL,1,20),(59,'2021-06-11 15:22:16','2021-06-11 15:22:16',NULL,NULL,'Chypre',NULL,2,20),(60,'2021-06-11 15:22:16','2021-06-11 15:22:16',NULL,NULL,'Chipre',NULL,3,20),(61,'2021-06-11 15:22:16','2021-06-11 15:22:16',NULL,NULL,'Czech Republic',NULL,1,21),(62,'2021-06-11 15:22:16','2021-06-11 15:22:16',NULL,NULL,'République Tchèque',NULL,2,21),(63,'2021-06-11 15:22:16','2021-06-11 15:22:16',NULL,NULL,'Chequia',NULL,3,21),(64,'2021-06-11 15:22:16','2021-06-11 15:22:16',NULL,NULL,'Denmark',NULL,1,22),(65,'2021-06-11 15:22:16','2021-06-11 15:22:16',NULL,NULL,'Danemark',NULL,2,22),(66,'2021-06-11 15:22:16','2021-06-11 15:22:16',NULL,NULL,'Dinamarca',NULL,3,22),(67,'2021-06-11 15:22:16','2021-06-11 15:22:16',NULL,NULL,'Dominican Republic',NULL,1,23),(68,'2021-06-11 15:22:16','2021-06-11 15:22:16',NULL,NULL,'République Dominicaine',NULL,2,23),(69,'2021-06-11 15:22:16','2021-06-11 15:22:16',NULL,NULL,'República Dominicana',NULL,3,23),(70,'2021-06-11 15:22:16','2021-06-11 15:22:16',NULL,NULL,'Ecuador',NULL,1,24),(71,'2021-06-11 15:22:16','2021-06-11 15:22:16',NULL,NULL,'Equateur',NULL,2,24),(72,'2021-06-11 15:22:16','2021-06-11 15:22:16',NULL,NULL,'Ecuador',NULL,3,24),(73,'2021-06-11 15:22:16','2021-06-11 15:22:16',NULL,NULL,'Egypt',NULL,1,25),(74,'2021-06-11 15:22:16','2021-06-11 15:22:16',NULL,NULL,'Egypte',NULL,2,25),(75,'2021-06-11 15:22:16','2021-06-11 15:22:16',NULL,NULL,'Egipto',NULL,3,25),(76,'2021-06-11 15:22:16','2021-06-11 15:22:16',NULL,NULL,'El Salvador',NULL,1,26),(77,'2021-06-11 15:22:16','2021-06-11 15:22:16',NULL,NULL,'El Salvador',NULL,2,26),(78,'2021-06-11 15:22:16','2021-06-11 15:22:16',NULL,NULL,'El Salvador',NULL,3,26),(79,'2021-06-11 15:22:17','2021-06-11 15:22:17',NULL,NULL,'Estonia',NULL,1,27),(80,'2021-06-11 15:22:17','2021-06-11 15:22:17',NULL,NULL,'Estonie',NULL,2,27),(81,'2021-06-11 15:22:17','2021-06-11 15:22:17',NULL,NULL,'Estonia',NULL,3,27),(82,'2021-06-11 15:22:17','2021-06-11 15:22:17',NULL,NULL,'Finland',NULL,1,28),(83,'2021-06-11 15:22:17','2021-06-11 15:22:17',NULL,NULL,'Finlande',NULL,2,28),(84,'2021-06-11 15:22:17','2021-06-11 15:22:17',NULL,NULL,'Finlandia',NULL,3,28),(85,'2021-06-11 15:22:17','2021-06-11 15:22:17',NULL,NULL,'France',NULL,1,29),(86,'2021-06-11 15:22:17','2021-06-11 15:22:17',NULL,NULL,'France',NULL,2,29),(87,'2021-06-11 15:22:17','2021-06-11 15:22:17',NULL,NULL,'Francia',NULL,3,29),(88,'2021-06-11 15:22:17','2021-06-11 15:22:17',NULL,NULL,'Germany',NULL,1,30),(89,'2021-06-11 15:22:17','2021-06-11 15:22:17',NULL,NULL,'Allemagne',NULL,2,30),(90,'2021-06-11 15:22:17','2021-06-11 15:22:17',NULL,NULL,'Alemania',NULL,3,30),(91,'2021-06-11 15:22:17','2021-06-11 15:22:17',NULL,NULL,'Greece',NULL,1,31),(92,'2021-06-11 15:22:17','2021-06-11 15:22:17',NULL,NULL,'Grèce',NULL,2,31),(93,'2021-06-11 15:22:17','2021-06-11 15:22:17',NULL,NULL,'Grecia',NULL,3,31),(94,'2021-06-11 15:22:17','2021-06-11 15:22:17',NULL,NULL,'Guatemala',NULL,1,32),(95,'2021-06-11 15:22:17','2021-06-11 15:22:17',NULL,NULL,'Guatemala',NULL,2,32),(96,'2021-06-11 15:22:17','2021-06-11 15:22:17',NULL,NULL,'Guatemala',NULL,3,32),(97,'2021-06-11 15:22:17','2021-06-11 15:22:17',NULL,NULL,'Honduras',NULL,1,33),(98,'2021-06-11 15:22:17','2021-06-11 15:22:17',NULL,NULL,'Honduras',NULL,2,33),(99,'2021-06-11 15:22:17','2021-06-11 15:22:17',NULL,NULL,'Honduras',NULL,3,33),(100,'2021-06-11 15:22:17','2021-06-11 15:22:17',NULL,NULL,'Hong Kong',NULL,1,34),(101,'2021-06-11 15:22:17','2021-06-11 15:22:17',NULL,NULL,'Hong-Kong',NULL,2,34),(102,'2021-06-11 15:22:17','2021-06-11 15:22:17',NULL,NULL,'Hong Kong',NULL,3,34),(103,'2021-06-11 15:22:17','2021-06-11 15:22:17',NULL,NULL,'Hungary',NULL,1,35),(104,'2021-06-11 15:22:17','2021-06-11 15:22:17',NULL,NULL,'Hongrie',NULL,2,35),(105,'2021-06-11 15:22:17','2021-06-11 15:22:17',NULL,NULL,'Hungría',NULL,3,35),(106,'2021-06-11 15:22:17','2021-06-11 15:22:17',NULL,NULL,'Iceland',NULL,1,36),(107,'2021-06-11 15:22:17','2021-06-11 15:22:17',NULL,NULL,'Islande',NULL,2,36),(108,'2021-06-11 15:22:17','2021-06-11 15:22:17',NULL,NULL,'Islandia',NULL,3,36),(109,'2021-06-11 15:22:17','2021-06-11 15:22:17',NULL,NULL,'India',NULL,1,37),(110,'2021-06-11 15:22:17','2021-06-11 15:22:17',NULL,NULL,'Inde',NULL,2,37),(111,'2021-06-11 15:22:17','2021-06-11 15:22:17',NULL,NULL,'India',NULL,3,37),(112,'2021-06-11 15:22:17','2021-06-11 15:22:17',NULL,NULL,'Indonesia',NULL,1,38),(113,'2021-06-11 15:22:17','2021-06-11 15:22:17',NULL,NULL,'Indonésie',NULL,2,38),(114,'2021-06-11 15:22:17','2021-06-11 15:22:17',NULL,NULL,'Indonesia',NULL,3,38),(115,'2021-06-11 15:22:17','2021-06-11 15:22:17',NULL,NULL,'Iraq',NULL,1,39),(116,'2021-06-11 15:22:17','2021-06-11 15:22:17',NULL,NULL,'Irak',NULL,2,39),(117,'2021-06-11 15:22:17','2021-06-11 15:22:17',NULL,NULL,'Iraq',NULL,3,39),(118,'2021-06-11 15:22:17','2021-06-11 15:22:17',NULL,NULL,'Ireland',NULL,1,40),(119,'2021-06-11 15:22:17','2021-06-11 15:22:17',NULL,NULL,'Irlande',NULL,2,40),(120,'2021-06-11 15:22:17','2021-06-11 15:22:17',NULL,NULL,'Irlanda',NULL,3,40),(121,'2021-06-11 15:22:17','2021-06-11 15:22:17',NULL,NULL,'Israel',NULL,1,41),(122,'2021-06-11 15:22:17','2021-06-11 15:22:17',NULL,NULL,'Israël',NULL,2,41),(123,'2021-06-11 15:22:17','2021-06-11 15:22:17',NULL,NULL,'Israel',NULL,3,41),(124,'2021-06-11 15:22:17','2021-06-11 15:22:17',NULL,NULL,'Italy',NULL,1,42),(125,'2021-06-11 15:22:17','2021-06-11 15:22:17',NULL,NULL,'Italie',NULL,2,42),(126,'2021-06-11 15:22:17','2021-06-11 15:22:17',NULL,NULL,'Italia',NULL,3,42),(127,'2021-06-11 15:22:17','2021-06-11 15:22:17',NULL,NULL,'Japan',NULL,1,43),(128,'2021-06-11 15:22:17','2021-06-11 15:22:17',NULL,NULL,'Japon',NULL,2,43),(129,'2021-06-11 15:22:17','2021-06-11 15:22:17',NULL,NULL,'Japón',NULL,3,43),(130,'2021-06-11 15:22:17','2021-06-11 15:22:17',NULL,NULL,'Jordan',NULL,1,44),(131,'2021-06-11 15:22:17','2021-06-11 15:22:17',NULL,NULL,'Jordanie',NULL,2,44),(132,'2021-06-11 15:22:17','2021-06-11 15:22:17',NULL,NULL,'Jordania',NULL,3,44),(133,'2021-06-11 15:22:17','2021-06-11 15:22:17',NULL,NULL,'South Korea',NULL,1,45),(134,'2021-06-11 15:22:17','2021-06-11 15:22:17',NULL,NULL,'Corée du Sud',NULL,2,45),(135,'2021-06-11 15:22:17','2021-06-11 15:22:17',NULL,NULL,'Corea del Sur',NULL,3,45),(136,'2021-06-11 15:22:17','2021-06-11 15:22:17',NULL,NULL,'Kuwait',NULL,1,46),(137,'2021-06-11 15:22:17','2021-06-11 15:22:17',NULL,NULL,'Koweit',NULL,2,46),(138,'2021-06-11 15:22:17','2021-06-11 15:22:17',NULL,NULL,'Kuwait',NULL,3,46),(139,'2021-06-11 15:22:18','2021-06-11 15:22:18',NULL,NULL,'Latvia',NULL,1,47),(140,'2021-06-11 15:22:18','2021-06-11 15:22:18',NULL,NULL,'Lettonie',NULL,2,47),(141,'2021-06-11 15:22:18','2021-06-11 15:22:18',NULL,NULL,'Letonia',NULL,3,47),(142,'2021-06-11 15:22:18','2021-06-11 15:22:18',NULL,NULL,'Lebanon',NULL,1,48),(143,'2021-06-11 15:22:18','2021-06-11 15:22:18',NULL,NULL,'Liban',NULL,2,48),(144,'2021-06-11 15:22:18','2021-06-11 15:22:18',NULL,NULL,'Líbano',NULL,3,48),(145,'2021-06-11 15:22:18','2021-06-11 15:22:18',NULL,NULL,'Libya',NULL,1,49),(146,'2021-06-11 15:22:18','2021-06-11 15:22:18',NULL,NULL,'Libye',NULL,2,49),(147,'2021-06-11 15:22:18','2021-06-11 15:22:18',NULL,NULL,'Libia',NULL,3,49),(148,'2021-06-11 15:22:18','2021-06-11 15:22:18',NULL,NULL,'Lithuania',NULL,1,50),(149,'2021-06-11 15:22:18','2021-06-11 15:22:18',NULL,NULL,'Lithuanie',NULL,2,50),(150,'2021-06-11 15:22:18','2021-06-11 15:22:18',NULL,NULL,'Lituania',NULL,3,50),(151,'2021-06-11 15:22:18','2021-06-11 15:22:18',NULL,NULL,'Luxembourg',NULL,1,51),(152,'2021-06-11 15:22:18','2021-06-11 15:22:18',NULL,NULL,'Luxembourg',NULL,2,51),(153,'2021-06-11 15:22:18','2021-06-11 15:22:18',NULL,NULL,'Luxemburgo',NULL,3,51),(154,'2021-06-11 15:22:18','2021-06-11 15:22:18',NULL,NULL,'Macedonia',NULL,1,52),(155,'2021-06-11 15:22:18','2021-06-11 15:22:18',NULL,NULL,'Macédoine',NULL,2,52),(156,'2021-06-11 15:22:18','2021-06-11 15:22:18',NULL,NULL,'Macedonia',NULL,3,52),(157,'2021-06-11 15:22:18','2021-06-11 15:22:18',NULL,NULL,'Malaysia',NULL,1,53),(158,'2021-06-11 15:22:18','2021-06-11 15:22:18',NULL,NULL,'Malaisie',NULL,2,53),(159,'2021-06-11 15:22:18','2021-06-11 15:22:18',NULL,NULL,'Malasia',NULL,3,53),(160,'2021-06-11 15:22:18','2021-06-11 15:22:18',NULL,NULL,'Malta',NULL,1,54),(161,'2021-06-11 15:22:18','2021-06-11 15:22:18',NULL,NULL,'Malte',NULL,2,54),(162,'2021-06-11 15:22:18','2021-06-11 15:22:18',NULL,NULL,'Malta',NULL,3,54),(163,'2021-06-11 15:22:18','2021-06-11 15:22:18',NULL,NULL,'Mexico',NULL,1,55),(164,'2021-06-11 15:22:18','2021-06-11 15:22:18',NULL,NULL,'Mexique',NULL,2,55),(165,'2021-06-11 15:22:18','2021-06-11 15:22:18',NULL,NULL,'México',NULL,3,55),(166,'2021-06-11 15:22:18','2021-06-11 15:22:18',NULL,NULL,'Montenegro',NULL,1,56),(167,'2021-06-11 15:22:18','2021-06-11 15:22:18',NULL,NULL,'Monténégro',NULL,2,56),(168,'2021-06-11 15:22:18','2021-06-11 15:22:18',NULL,NULL,'Montenegro',NULL,3,56),(169,'2021-06-11 15:22:18','2021-06-11 15:22:18',NULL,NULL,'Morocco',NULL,1,57),(170,'2021-06-11 15:22:18','2021-06-11 15:22:18',NULL,NULL,'Maroc',NULL,2,57),(171,'2021-06-11 15:22:18','2021-06-11 15:22:18',NULL,NULL,'Marruecos',NULL,3,57),(172,'2021-06-11 15:22:18','2021-06-11 15:22:18',NULL,NULL,'Netherlands',NULL,1,58),(173,'2021-06-11 15:22:18','2021-06-11 15:22:18',NULL,NULL,'Pays-Bas',NULL,2,58),(174,'2021-06-11 15:22:18','2021-06-11 15:22:18',NULL,NULL,'Holanda',NULL,3,58),(175,'2021-06-11 15:22:18','2021-06-11 15:22:18',NULL,NULL,'New Zealand',NULL,1,59),(176,'2021-06-11 15:22:18','2021-06-11 15:22:18',NULL,NULL,'Nouvelle-Zélande',NULL,2,59),(177,'2021-06-11 15:22:18','2021-06-11 15:22:18',NULL,NULL,'Nueva Zelanda',NULL,3,59),(178,'2021-06-11 15:22:18','2021-06-11 15:22:18',NULL,NULL,'Nicaragua',NULL,1,60),(179,'2021-06-11 15:22:18','2021-06-11 15:22:18',NULL,NULL,'Nicaragua',NULL,2,60),(180,'2021-06-11 15:22:18','2021-06-11 15:22:18',NULL,NULL,'Nicaragua',NULL,3,60),(181,'2021-06-11 15:22:18','2021-06-11 15:22:18',NULL,NULL,'Norway',NULL,1,61),(182,'2021-06-11 15:22:18','2021-06-11 15:22:18',NULL,NULL,'Norvège',NULL,2,61),(183,'2021-06-11 15:22:18','2021-06-11 15:22:18',NULL,NULL,'Noruega',NULL,3,61),(184,'2021-06-11 15:22:18','2021-06-11 15:22:18',NULL,NULL,'Oman',NULL,1,62),(185,'2021-06-11 15:22:18','2021-06-11 15:22:18',NULL,NULL,'Oman',NULL,2,62),(186,'2021-06-11 15:22:18','2021-06-11 15:22:18',NULL,NULL,'Omán',NULL,3,62),(187,'2021-06-11 15:22:18','2021-06-11 15:22:18',NULL,NULL,'Panama',NULL,1,63),(188,'2021-06-11 15:22:18','2021-06-11 15:22:18',NULL,NULL,'Panama',NULL,2,63),(189,'2021-06-11 15:22:18','2021-06-11 15:22:18',NULL,NULL,'Panamá',NULL,3,63),(190,'2021-06-11 15:22:18','2021-06-11 15:22:18',NULL,NULL,'Paraguay',NULL,1,64),(191,'2021-06-11 15:22:18','2021-06-11 15:22:18',NULL,NULL,'Paraguay',NULL,2,64),(192,'2021-06-11 15:22:18','2021-06-11 15:22:18',NULL,NULL,'Paraguay',NULL,3,64),(193,'2021-06-11 15:22:18','2021-06-11 15:22:18',NULL,NULL,'Peru',NULL,1,65),(194,'2021-06-11 15:22:18','2021-06-11 15:22:18',NULL,NULL,'Pérou',NULL,2,65),(195,'2021-06-11 15:22:18','2021-06-11 15:22:18',NULL,NULL,'Perú',NULL,3,65),(196,'2021-06-11 15:22:18','2021-06-11 15:22:18',NULL,NULL,'Philippines',NULL,1,66),(197,'2021-06-11 15:22:18','2021-06-11 15:22:18',NULL,NULL,'Philippines',NULL,2,66),(198,'2021-06-11 15:22:18','2021-06-11 15:22:18',NULL,NULL,'Filipinas',NULL,3,66),(199,'2021-06-11 15:22:18','2021-06-11 15:22:18',NULL,NULL,'Poland',NULL,1,67),(200,'2021-06-11 15:22:18','2021-06-11 15:22:18',NULL,NULL,'Pologne',NULL,2,67),(201,'2021-06-11 15:22:18','2021-06-11 15:22:18',NULL,NULL,'Polonia',NULL,3,67),(202,'2021-06-11 15:22:18','2021-06-11 15:22:18',NULL,NULL,'Portugal',NULL,1,68),(203,'2021-06-11 15:22:18','2021-06-11 15:22:18',NULL,NULL,'Portugal',NULL,2,68),(204,'2021-06-11 15:22:18','2021-06-11 15:22:18',NULL,NULL,'Portugal',NULL,3,68),(205,'2021-06-11 15:22:18','2021-06-11 15:22:18',NULL,NULL,'Puerto Rico',NULL,1,69),(206,'2021-06-11 15:22:18','2021-06-11 15:22:18',NULL,NULL,'Porto Rico',NULL,2,69),(207,'2021-06-11 15:22:18','2021-06-11 15:22:18',NULL,NULL,'Puerto Rico',NULL,3,69),(208,'2021-06-11 15:22:18','2021-06-11 15:22:18',NULL,NULL,'Qatar',NULL,1,70),(209,'2021-06-11 15:22:18','2021-06-11 15:22:18',NULL,NULL,'Qatar',NULL,2,70),(210,'2021-06-11 15:22:18','2021-06-11 15:22:18',NULL,NULL,'Qatar',NULL,3,70),(211,'2021-06-11 15:22:18','2021-06-11 15:22:18',NULL,NULL,'Romania',NULL,1,71),(212,'2021-06-11 15:22:18','2021-06-11 15:22:18',NULL,NULL,'Roumanie',NULL,2,71),(213,'2021-06-11 15:22:18','2021-06-11 15:22:18',NULL,NULL,'Rumania',NULL,3,71),(214,'2021-06-11 15:22:18','2021-06-11 15:22:18',NULL,NULL,'Russia',NULL,1,72),(215,'2021-06-11 15:22:18','2021-06-11 15:22:18',NULL,NULL,'Russie',NULL,2,72),(216,'2021-06-11 15:22:18','2021-06-11 15:22:18',NULL,NULL,'Rusia',NULL,3,72),(217,'2021-06-11 15:22:18','2021-06-11 15:22:18',NULL,NULL,'Saudi Arabia',NULL,1,73),(218,'2021-06-11 15:22:18','2021-06-11 15:22:18',NULL,NULL,'Arabie Saoudite',NULL,2,73),(219,'2021-06-11 15:22:18','2021-06-11 15:22:18',NULL,NULL,'Arabia Saudita',NULL,3,73),(220,'2021-06-11 15:22:18','2021-06-11 15:22:18',NULL,NULL,'Serbia',NULL,1,74),(221,'2021-06-11 15:22:18','2021-06-11 15:22:18',NULL,NULL,'Serbie',NULL,2,74),(222,'2021-06-11 15:22:18','2021-06-11 15:22:18',NULL,NULL,'Serbia',NULL,3,74),(223,'2021-06-11 15:22:18','2021-06-11 15:22:18',NULL,NULL,'Singapore',NULL,1,75),(224,'2021-06-11 15:22:18','2021-06-11 15:22:18',NULL,NULL,'Singapour',NULL,2,75),(225,'2021-06-11 15:22:18','2021-06-11 15:22:18',NULL,NULL,'Singapur',NULL,3,75),(226,'2021-06-11 15:22:18','2021-06-11 15:22:18',NULL,NULL,'Slovakia',NULL,1,76),(227,'2021-06-11 15:22:18','2021-06-11 15:22:18',NULL,NULL,'Slovaquie',NULL,2,76),(228,'2021-06-11 15:22:18','2021-06-11 15:22:18',NULL,NULL,'Eslovaquia',NULL,3,76),(229,'2021-06-11 15:22:18','2021-06-11 15:22:18',NULL,NULL,'Slovenia',NULL,1,77),(230,'2021-06-11 15:22:18','2021-06-11 15:22:18',NULL,NULL,'Slovénie',NULL,2,77),(231,'2021-06-11 15:22:18','2021-06-11 15:22:18',NULL,NULL,'Eslovenia',NULL,3,77),(232,'2021-06-11 15:22:19','2021-06-11 15:22:19',NULL,NULL,'South Africa',NULL,1,78),(233,'2021-06-11 15:22:19','2021-06-11 15:22:19',NULL,NULL,'Afrique du Sud',NULL,2,78),(234,'2021-06-11 15:22:19','2021-06-11 15:22:19',NULL,NULL,'Sudáfrica',NULL,3,78),(235,'2021-06-11 15:22:19','2021-06-11 15:22:19',NULL,NULL,'Spain',NULL,1,79),(236,'2021-06-11 15:22:19','2021-06-11 15:22:19',NULL,NULL,'Espagne',NULL,2,79),(237,'2021-06-11 15:22:19','2021-06-11 15:22:19',NULL,NULL,'España',NULL,3,79),(238,'2021-06-11 15:22:19','2021-06-11 15:22:19',NULL,NULL,'Sudan',NULL,1,80),(239,'2021-06-11 15:22:19','2021-06-11 15:22:19',NULL,NULL,'Soudan',NULL,2,80),(240,'2021-06-11 15:22:19','2021-06-11 15:22:19',NULL,NULL,'Sudán',NULL,3,80),(241,'2021-06-11 15:22:19','2021-06-11 15:22:19',NULL,NULL,'Sweden',NULL,1,81),(242,'2021-06-11 15:22:19','2021-06-11 15:22:19',NULL,NULL,'Suède',NULL,2,81),(243,'2021-06-11 15:22:19','2021-06-11 15:22:19',NULL,NULL,'Suecia',NULL,3,81),(244,'2021-06-11 15:22:19','2021-06-11 15:22:19',NULL,NULL,'Switzerland',NULL,1,82),(245,'2021-06-11 15:22:19','2021-06-11 15:22:19',NULL,NULL,'Suisse',NULL,2,82),(246,'2021-06-11 15:22:19','2021-06-11 15:22:19',NULL,NULL,'Suiza',NULL,3,82),(247,'2021-06-11 15:22:19','2021-06-11 15:22:19',NULL,NULL,'Syria',NULL,1,83),(248,'2021-06-11 15:22:19','2021-06-11 15:22:19',NULL,NULL,'Syrie',NULL,2,83),(249,'2021-06-11 15:22:19','2021-06-11 15:22:19',NULL,NULL,'Siria',NULL,3,83),(250,'2021-06-11 15:22:19','2021-06-11 15:22:19',NULL,NULL,'Taiwan',NULL,1,84),(251,'2021-06-11 15:22:19','2021-06-11 15:22:19',NULL,NULL,'Taiwan',NULL,2,84),(252,'2021-06-11 15:22:19','2021-06-11 15:22:19',NULL,NULL,'Taiwán',NULL,3,84),(253,'2021-06-11 15:22:19','2021-06-11 15:22:19',NULL,NULL,'Thailand',NULL,1,85),(254,'2021-06-11 15:22:19','2021-06-11 15:22:19',NULL,NULL,'Thaïlande',NULL,2,85),(255,'2021-06-11 15:22:19','2021-06-11 15:22:19',NULL,NULL,'Tailandia',NULL,3,85),(256,'2021-06-11 15:22:19','2021-06-11 15:22:19',NULL,NULL,'Tunisia',NULL,1,86),(257,'2021-06-11 15:22:19','2021-06-11 15:22:19',NULL,NULL,'Tunisie',NULL,2,86),(258,'2021-06-11 15:22:19','2021-06-11 15:22:19',NULL,NULL,'Túnez',NULL,3,86),(259,'2021-06-11 15:22:19','2021-06-11 15:22:19',NULL,NULL,'Turkey',NULL,1,87),(260,'2021-06-11 15:22:19','2021-06-11 15:22:19',NULL,NULL,'Turquie',NULL,2,87),(261,'2021-06-11 15:22:19','2021-06-11 15:22:19',NULL,NULL,'Turquía',NULL,3,87),(262,'2021-06-11 15:22:19','2021-06-11 15:22:19',NULL,NULL,'Ukraine',NULL,1,88),(263,'2021-06-11 15:22:19','2021-06-11 15:22:19',NULL,NULL,'Ukraine',NULL,2,88),(264,'2021-06-11 15:22:19','2021-06-11 15:22:19',NULL,NULL,'Ucrania',NULL,3,88),(265,'2021-06-11 15:22:19','2021-06-11 15:22:19',NULL,NULL,'United Arab Emirates',NULL,1,89),(266,'2021-06-11 15:22:19','2021-06-11 15:22:19',NULL,NULL,'Emirats Arabes Unis',NULL,2,89),(267,'2021-06-11 15:22:19','2021-06-11 15:22:19',NULL,NULL,'Emiratos Árabes Unidos',NULL,3,89),(268,'2021-06-11 15:22:19','2021-06-11 15:22:19',NULL,NULL,'United Kingdom',NULL,1,90),(269,'2021-06-11 15:22:19','2021-06-11 15:22:19',NULL,NULL,'Royaume-Uni',NULL,2,90),(270,'2021-06-11 15:22:19','2021-06-11 15:22:19',NULL,NULL,'Reino Unido',NULL,3,90),(271,'2021-06-11 15:22:19','2021-06-11 15:22:19',NULL,NULL,'United States',NULL,1,91),(272,'2021-06-11 15:22:19','2021-06-11 15:22:19',NULL,NULL,'Etats-Unis',NULL,2,91),(273,'2021-06-11 15:22:19','2021-06-11 15:22:19',NULL,NULL,'Estados Unidos',NULL,3,91),(274,'2021-06-11 15:22:19','2021-06-11 15:22:19',NULL,NULL,'Uruguay',NULL,1,92),(275,'2021-06-11 15:22:19','2021-06-11 15:22:19',NULL,NULL,'Uruguay',NULL,2,92),(276,'2021-06-11 15:22:19','2021-06-11 15:22:19',NULL,NULL,'Uruguay',NULL,3,92),(277,'2021-06-11 15:22:19','2021-06-11 15:22:19',NULL,NULL,'Venezuela',NULL,1,93),(278,'2021-06-11 15:22:19','2021-06-11 15:22:19',NULL,NULL,'Vénézuela',NULL,2,93),(279,'2021-06-11 15:22:19','2021-06-11 15:22:19',NULL,NULL,'Venezuela',NULL,3,93),(280,'2021-06-11 15:22:19','2021-06-11 15:22:19',NULL,NULL,'Vietnam',NULL,1,94),(281,'2021-06-11 15:22:19','2021-06-11 15:22:19',NULL,NULL,'Vietnam',NULL,2,94),(282,'2021-06-11 15:22:19','2021-06-11 15:22:19',NULL,NULL,'Vietnam',NULL,3,94),(283,'2021-06-11 15:22:19','2021-06-11 15:22:19',NULL,NULL,'Yemen',NULL,1,95),(284,'2021-06-11 15:22:19','2021-06-11 15:22:19',NULL,NULL,'Yémen',NULL,2,95),(285,'2021-06-11 15:22:19','2021-06-11 15:22:19',NULL,NULL,'Yemen',NULL,3,95);
/*!40000 ALTER TABLE `COUNTRY_DESCRIPTION` ENABLE KEYS */;
UNLOCK TABLES;

--
-- Table structure for table `CURRENCY`
--

DROP TABLE IF EXISTS `CURRENCY`;
/*!40101 SET @saved_cs_client     = @@character_set_client */;
/*!50503 SET character_set_client = utf8mb4 */;
CREATE TABLE `CURRENCY` (
  `CURRENCY_ID` bigint(20) NOT NULL,
  `CURRENCY_CODE` varchar(255) DEFAULT NULL,
  `CURRENCY_CURRENCY_CODE` varchar(255) NOT NULL,
  `CURRENCY_NAME` varchar(255) DEFAULT NULL,
  `CURRENCY_SUPPORTED` bit(1) DEFAULT NULL,
  PRIMARY KEY (`CURRENCY_ID`),
  UNIQUE KEY `UK_m7ku15ekud52vp67ry73a36te` (`CURRENCY_CURRENCY_CODE`),
  UNIQUE KEY `UK_1ubr7n96hjajamtggqp090a4x` (`CURRENCY_CODE`),
  UNIQUE KEY `UK_7r1k69cbk5giewqr5c9r4v6f` (`CURRENCY_NAME`)
) ENGINE=InnoDB DEFAULT CHARSET=utf8mb4 ;
/*!40101 SET character_set_client = @saved_cs_client */;

--
-- Dumping data for table `CURRENCY`
--

LOCK TABLES `CURRENCY` WRITE;
/*!40000 ALTER TABLE `CURRENCY` DISABLE KEYS */;
INSERT INTO `CURRENCY` VALUES (1,'FJD','FJD','FJD',_binary ''),(2,'MXN','MXN','MXN',_binary ''),(3,'STD','STD','STD',_binary ''),(4,'LVL','LVL','LVL',_binary ''),(5,'SCR','SCR','SCR',_binary ''),(6,'CDF','CDF','CDF',_binary ''),(7,'BBD','BBD','BBD',_binary ''),(8,'GTQ','GTQ','GTQ',_binary ''),(9,'CLP','CLP','CLP',_binary ''),(10,'HNL','HNL','HNL',_binary ''),(11,'UGX','UGX','UGX',_binary ''),(12,'ZAR','ZAR','ZAR',_binary ''),(13,'MXV','MXV','MXV',_binary ''),(14,'TND','TND','TND',_binary ''),(15,'BSD','BSD','BSD',_binary ''),(16,'SLL','SLL','SLL',_binary ''),(17,'SDG','SDG','SDG',_binary ''),(18,'IQD','IQD','IQD',_binary ''),(19,'CUP','CUP','CUP',_binary ''),(20,'GMD','GMD','GMD',_binary ''),(21,'TWD','TWD','TWD',_binary ''),(22,'RSD','RSD','RSD',_binary ''),(23,'DOP','DOP','DOP',_binary ''),(24,'KMF','KMF','KMF',_binary ''),(25,'MYR','MYR','MYR',_binary ''),(26,'FKP','FKP','FKP',_binary ''),(27,'XOF','XOF','XOF',_binary ''),(28,'GEL','GEL','GEL',_binary ''),(29,'UYU','UYU','UYU',_binary ''),(30,'MAD','MAD','MAD',_binary ''),(31,'CVE','CVE','CVE',_binary ''),(32,'AZN','AZN','AZN',_binary ''),(33,'OMR','OMR','OMR',_binary ''),(34,'PGK','PGK','PGK',_binary ''),(35,'KES','KES','KES',_binary ''),(36,'SEK','SEK','SEK',_binary ''),(37,'BTN','BTN','BTN',_binary ''),(38,'UAH','UAH','UAH',_binary ''),(39,'GNF','GNF','GNF',_binary ''),(40,'ERN','ERN','ERN',_binary ''),(41,'MZN','MZN','MZN',_binary ''),(42,'SVC','SVC','SVC',_binary ''),(43,'ARS','ARS','ARS',_binary ''),(44,'QAR','QAR','QAR',_binary ''),(45,'IRR','IRR','IRR',_binary ''),(46,'MRO','MRO','MRO',_binary ''),(47,'CNY','CNY','CNY',_binary ''),(48,'XPF','XPF','XPF',_binary ''),(49,'THB','THB','THB',_binary ''),(50,'UZS','UZS','UZS',_binary ''),(51,'BDT','BDT','BDT',_binary ''),(52,'LYD','LYD','LYD',_binary ''),(53,'BMD','BMD','BMD',_binary ''),(54,'KWD','KWD','KWD',_binary ''),(55,'PHP','PHP','PHP',_binary ''),(56,'RUB','RUB','RUB',_binary ''),(57,'PYG','PYG','PYG',_binary ''),(58,'ISK','ISK','ISK',_binary ''),(59,'JMD','JMD','JMD',_binary ''),(60,'COP','COP','COP',_binary ''),(61,'USD','USD','USD',_binary ''),(62,'MKD','MKD','MKD',_binary ''),(63,'DZD','DZD','DZD',_binary ''),(64,'PAB','PAB','PAB',_binary ''),(65,'SGD','SGD','SGD',_binary ''),(66,'ETB','ETB','ETB',_binary ''),(67,'KGS','KGS','KGS',_binary ''),(68,'SOS','SOS','SOS',_binary ''),(69,'VUV','VUV','VUV',_binary ''),(70,'VEF','VEF','VEF',_binary ''),(71,'LAK','LAK','LAK',_binary ''),(72,'BND','BND','BND',_binary ''),(73,'ZMK','ZMK','ZMK',_binary ''),(74,'XAF','XAF','XAF',_binary ''),(75,'LRD','LRD','LRD',_binary ''),(76,'HRK','HRK','HRK',_binary ''),(77,'CHF','CHF','CHF',_binary ''),(78,'ALL','ALL','ALL',_binary ''),(79,'DJF','DJF','DJF',_binary ''),(80,'TZS','TZS','TZS',_binary ''),(81,'VND','VND','VND',_binary ''),(82,'AUD','AUD','AUD',_binary ''),(83,'ILS','ILS','ILS',_binary ''),(84,'GHS','GHS','GHS',_binary ''),(85,'GYD','GYD','GYD',_binary ''),(86,'KPW','KPW','KPW',_binary ''),(87,'BOB','BOB','BOB',_binary ''),(88,'KHR','KHR','KHR',_binary ''),(89,'MDL','MDL','MDL',_binary ''),(90,'IDR','IDR','IDR',_binary ''),(91,'KYD','KYD','KYD',_binary ''),(92,'AMD','AMD','AMD',_binary ''),(93,'BWP','BWP','BWP',_binary ''),(94,'SHP','SHP','SHP',_binary ''),(95,'TRY','TRY','TRY',_binary ''),(96,'LBP','LBP','LBP',_binary ''),(97,'TJS','TJS','TJS',_binary ''),(98,'JOD','JOD','JOD',_binary ''),(99,'HKD','HKD','HKD',_binary ''),(100,'RWF','RWF','RWF',_binary ''),(101,'AED','AED','AED',_binary ''),(102,'EUR','EUR','EUR',_binary ''),(103,'LSL','LSL','LSL',_binary ''),(104,'DKK','DKK','DKK',_binary ''),(105,'CAD','CAD','CAD',_binary ''),(106,'BOV','BOV','BOV',_binary ''),(107,'BGN','BGN','BGN',_binary ''),(108,'MMK','MMK','MMK',_binary ''),(109,'NOK','NOK','NOK',_binary ''),(110,'MUR','MUR','MUR',_binary ''),(111,'SYP','SYP','SYP',_binary ''),(112,'GIP','GIP','GIP',_binary ''),(113,'RON','RON','RON',_binary ''),(114,'LKR','LKR','LKR',_binary ''),(115,'NGN','NGN','NGN',_binary ''),(116,'CRC','CRC','CRC',_binary ''),(117,'CZK','CZK','CZK',_binary ''),(118,'PKR','PKR','PKR',_binary ''),(119,'XCD','XCD','XCD',_binary ''),(120,'ANG','ANG','ANG',_binary ''),(121,'HTG','HTG','HTG',_binary ''),(122,'BHD','BHD','BHD',_binary ''),(123,'KZT','KZT','KZT',_binary ''),(124,'SRD','SRD','SRD',_binary ''),(125,'SZL','SZL','SZL',_binary ''),(126,'LTL','LTL','LTL',_binary ''),(127,'SAR','SAR','SAR',_binary ''),(128,'TTD','TTD','TTD',_binary ''),(129,'YER','YER','YER',_binary ''),(130,'MVR','MVR','MVR',_binary ''),(131,'AFN','AFN','AFN',_binary ''),(132,'INR','INR','INR',_binary ''),(133,'AWG','AWG','AWG',_binary ''),(134,'KRW','KRW','KRW',_binary ''),(135,'NPR','NPR','NPR',_binary ''),(136,'JPY','JPY','JPY',_binary ''),(137,'MNT','MNT','MNT',_binary ''),(138,'AOA','AOA','AOA',_binary ''),(139,'PLN','PLN','PLN',_binary ''),(140,'GBP','GBP','GBP',_binary ''),(141,'SBD','SBD','SBD',_binary ''),(142,'HUF','HUF','HUF',_binary ''),(143,'BYR','BYR','BYR',_binary ''),(144,'BIF','BIF','BIF',_binary ''),(145,'MWK','MWK','MWK',_binary ''),(146,'MGA','MGA','MGA',_binary ''),(147,'XDR','XDR','XDR',_binary ''),(148,'BZD','BZD','BZD',_binary ''),(149,'BAM','BAM','BAM',_binary ''),(150,'EGP','EGP','EGP',_binary ''),(151,'MOP','MOP','MOP',_binary ''),(152,'NAD','NAD','NAD',_binary ''),(153,'NIO','NIO','NIO',_binary ''),(154,'PEN','PEN','PEN',_binary ''),(155,'NZD','NZD','NZD',_binary ''),(156,'WST','WST','WST',_binary ''),(157,'CLF','CLF','CLF',_binary ''),(158,'BRL','BRL','BRL',_binary '');
/*!40000 ALTER TABLE `CURRENCY` ENABLE KEYS */;
UNLOCK TABLES;

--
-- Table structure for table `CUSTOMER`
--

DROP TABLE IF EXISTS `CUSTOMER`;
/*!40101 SET @saved_cs_client     = @@character_set_client */;
/*!50503 SET character_set_client = utf8mb4 */;
CREATE TABLE `CUSTOMER` (
  `CUSTOMER_ID` bigint(20) NOT NULL,
  `CUSTOMER_ANONYMOUS` bit(1) DEFAULT NULL,
  `DATE_CREATED` datetime DEFAULT NULL,
  `DATE_MODIFIED` datetime DEFAULT NULL,
  `UPDT_ID` varchar(60) DEFAULT NULL,
  `BILLING_STREET_ADDRESS` varchar(256) DEFAULT NULL,
  `BILLING_CITY` varchar(100) DEFAULT NULL,
  `BILLING_COMPANY` varchar(100) DEFAULT NULL,
  `BILLING_FIRST_NAME` varchar(64) NOT NULL,
  `BILLING_LAST_NAME` varchar(64) NOT NULL,
  `LATITUDE` varchar(100) DEFAULT NULL,
  `LONGITUDE` varchar(100) DEFAULT NULL,
  `BILLING_POSTCODE` varchar(20) DEFAULT NULL,
  `BILLING_STATE` varchar(100) DEFAULT NULL,
  `BILLING_TELEPHONE` varchar(32) DEFAULT NULL,
  `CUSTOMER_COMPANY` varchar(100) DEFAULT NULL,
  `RESET_CREDENTIALS_REQ` varchar(256) DEFAULT NULL,
  `RESET_CREDENTIALS_EXP` date DEFAULT NULL,
  `REVIEW_AVG` decimal(19,2) DEFAULT NULL,
  `REVIEW_COUNT` int(11) DEFAULT NULL,
  `CUSTOMER_DOB` datetime DEFAULT NULL,
  `DELIVERY_STREET_ADDRESS` varchar(256) DEFAULT NULL,
  `DELIVERY_CITY` varchar(100) DEFAULT NULL,
  `DELIVERY_COMPANY` varchar(100) DEFAULT NULL,
  `DELIVERY_FIRST_NAME` varchar(64) DEFAULT NULL,
  `DELIVERY_LAST_NAME` varchar(64) DEFAULT NULL,
  `DELIVERY_POSTCODE` varchar(20) DEFAULT NULL,
  `DELIVERY_STATE` varchar(100) DEFAULT NULL,
  `DELIVERY_TELEPHONE` varchar(32) DEFAULT NULL,
  `CUSTOMER_EMAIL_ADDRESS` varchar(96) NOT NULL,
  `CUSTOMER_GENDER` varchar(1) DEFAULT NULL,
  `CUSTOMER_NICK` varchar(96) DEFAULT NULL,
  `CUSTOMER_PASSWORD` varchar(60) DEFAULT NULL,
  `PROVIDER` varchar(255) DEFAULT NULL,
  `BILLING_COUNTRY_ID` int(11) NOT NULL,
  `BILLING_ZONE_ID` bigint(20) DEFAULT NULL,
  `LANGUAGE_ID` int(11) NOT NULL,
  `DELIVERY_COUNTRY_ID` int(11) DEFAULT NULL,
  `DELIVERY_ZONE_ID` bigint(20) DEFAULT NULL,
  `MERCHANT_ID` int(11) NOT NULL,
  PRIMARY KEY (`CUSTOMER_ID`),
  UNIQUE KEY `UK6v48av32rli7qu9m3ksb32art` (`MERCHANT_ID`,`CUSTOMER_NICK`),
  KEY `FK5pas8t9mknk4kkin55t4v300l` (`BILLING_COUNTRY_ID`),
  KEY `FKp0xcpa3i2mgdr0kq43xiibx40` (`BILLING_ZONE_ID`),
  KEY `FKdgjqmj04qt89gmfloo4ofojcw` (`LANGUAGE_ID`),
  KEY `FKbxyooiceli2ko29bupdye6jgn` (`DELIVERY_COUNTRY_ID`),
  KEY `FK3k21jw28bbx043c2mnhevg9w4` (`DELIVERY_ZONE_ID`),
  CONSTRAINT `FK3k21jw28bbx043c2mnhevg9w4` FOREIGN KEY (`DELIVERY_ZONE_ID`) REFERENCES `zone` (`ZONE_ID`),
  CONSTRAINT `FK5pas8t9mknk4kkin55t4v300l` FOREIGN KEY (`BILLING_COUNTRY_ID`) REFERENCES `country` (`COUNTRY_ID`),
  CONSTRAINT `FK8122nrpakxu3umk1od4v0xxoa` FOREIGN KEY (`MERCHANT_ID`) REFERENCES `merchant_store` (`MERCHANT_ID`),
  CONSTRAINT `FKbxyooiceli2ko29bupdye6jgn` FOREIGN KEY (`DELIVERY_COUNTRY_ID`) REFERENCES `country` (`COUNTRY_ID`),
  CONSTRAINT `FKdgjqmj04qt89gmfloo4ofojcw` FOREIGN KEY (`LANGUAGE_ID`) REFERENCES `language` (`LANGUAGE_ID`),
  CONSTRAINT `FKp0xcpa3i2mgdr0kq43xiibx40` FOREIGN KEY (`BILLING_ZONE_ID`) REFERENCES `zone` (`ZONE_ID`)
) ENGINE=InnoDB DEFAULT CHARSET=utf8mb4 ;
/*!40101 SET character_set_client = @saved_cs_client */;

--
-- Dumping data for table `CUSTOMER`
--

LOCK TABLES `CUSTOMER` WRITE;
/*!40000 ALTER TABLE `CUSTOMER` DISABLE KEYS */;
INSERT INTO `CUSTOMER` VALUES (1,_binary '\0',NULL,'2021-06-21 12:19:01',NULL,'Spaze I-Tech Park, Tower B-2, Unit # 853, sector 49, Sohna Road','Gurgaon','IP Details Private Limited','Hemant','Nagpal',NULL,NULL,'122018',NULL,'09873412238',NULL,NULL,NULL,NULL,NULL,NULL,'Spaze I-Tech Park, Tower B-2, Unit # 853, sector 49, Sohna Road','Gurgaon','Pie Infosystems','Spaze','Park','Haryana',NULL,'09873412238','hemant.nagpal@pieinfosystems.com','M','hemant.nagpal@pieinfosystems.com','$2a$10$vL4eIArrrWZYIlt8oEUNHOEdWzYY2vf4as7j1xCiOVczBhrhIH2Rq',NULL,37,200,1,37,200,1);
/*!40000 ALTER TABLE `CUSTOMER` ENABLE KEYS */;
UNLOCK TABLES;

--
-- Table structure for table `CUSTOMER_ATTRIBUTE`
--

DROP TABLE IF EXISTS `CUSTOMER_ATTRIBUTE`;
/*!40101 SET @saved_cs_client     = @@character_set_client */;
/*!50503 SET character_set_client = utf8mb4 */;
CREATE TABLE `CUSTOMER_ATTRIBUTE` (
  `CUSTOMER_ATTRIBUTE_ID` bigint(20) NOT NULL,
  `CUSTOMER_ATTR_TXT_VAL` varchar(255) DEFAULT NULL,
  `CUSTOMER_ID` bigint(20) NOT NULL,
  `OPTION_ID` bigint(20) NOT NULL,
  `OPTION_VALUE_ID` bigint(20) NOT NULL,
  PRIMARY KEY (`CUSTOMER_ATTRIBUTE_ID`),
  UNIQUE KEY `UK46kbpre88yh963gewm3kmdni1` (`OPTION_ID`,`CUSTOMER_ID`),
  KEY `FKc3318o13i2bpxkci1bh52we5a` (`CUSTOMER_ID`),
  KEY `FK9fl7iexvdeeeoch9fh35o5vw4` (`OPTION_VALUE_ID`),
  CONSTRAINT `FK4xugs9yd9w4o3sw11fisb8tj5` FOREIGN KEY (`OPTION_ID`) REFERENCES `customer_option` (`CUSTOMER_OPTION_ID`),
  CONSTRAINT `FK9fl7iexvdeeeoch9fh35o5vw4` FOREIGN KEY (`OPTION_VALUE_ID`) REFERENCES `customer_option_value` (`CUSTOMER_OPTION_VALUE_ID`),
  CONSTRAINT `FKc3318o13i2bpxkci1bh52we5a` FOREIGN KEY (`CUSTOMER_ID`) REFERENCES `customer` (`CUSTOMER_ID`)
) ENGINE=InnoDB DEFAULT CHARSET=utf8mb4 ;
/*!40101 SET character_set_client = @saved_cs_client */;

--
-- Dumping data for table `CUSTOMER_ATTRIBUTE`
--

LOCK TABLES `CUSTOMER_ATTRIBUTE` WRITE;
/*!40000 ALTER TABLE `CUSTOMER_ATTRIBUTE` DISABLE KEYS */;
/*!40000 ALTER TABLE `CUSTOMER_ATTRIBUTE` ENABLE KEYS */;
UNLOCK TABLES;

--
-- Table structure for table `CUSTOMER_GROUP`
--

DROP TABLE IF EXISTS `CUSTOMER_GROUP`;
/*!40101 SET @saved_cs_client     = @@character_set_client */;
/*!50503 SET character_set_client = utf8mb4 */;
CREATE TABLE `CUSTOMER_GROUP` (
  `CUSTOMER_ID` bigint(20) NOT NULL,
  `GROUP_ID` int(11) NOT NULL,
  KEY `FKgrr5v89l1m9sl2qol62bbctq4` (`GROUP_ID`),
  KEY `FK257h3e27f4ujw08doqtq46hho` (`CUSTOMER_ID`),
  CONSTRAINT `FK257h3e27f4ujw08doqtq46hho` FOREIGN KEY (`CUSTOMER_ID`) REFERENCES `customer` (`CUSTOMER_ID`),
  CONSTRAINT `FKgrr5v89l1m9sl2qol62bbctq4` FOREIGN KEY (`GROUP_ID`) REFERENCES `sm_group` (`GROUP_ID`)
) ENGINE=InnoDB DEFAULT CHARSET=utf8mb4 ;
/*!40101 SET character_set_client = @saved_cs_client */;

--
-- Dumping data for table `CUSTOMER_GROUP`
--

LOCK TABLES `CUSTOMER_GROUP` WRITE;
/*!40000 ALTER TABLE `CUSTOMER_GROUP` DISABLE KEYS */;
INSERT INTO `CUSTOMER_GROUP` VALUES (1,8);
/*!40000 ALTER TABLE `CUSTOMER_GROUP` ENABLE KEYS */;
UNLOCK TABLES;

--
-- Table structure for table `CUSTOMER_OPT_VAL_DESCRIPTION`
--

DROP TABLE IF EXISTS `CUSTOMER_OPT_VAL_DESCRIPTION`;
/*!40101 SET @saved_cs_client     = @@character_set_client */;
/*!50503 SET character_set_client = utf8mb4 */;
CREATE TABLE `CUSTOMER_OPT_VAL_DESCRIPTION` (
  `DESCRIPTION_ID` bigint(20) NOT NULL,
  `DATE_CREATED` datetime DEFAULT NULL,
  `DATE_MODIFIED` datetime DEFAULT NULL,
  `UPDT_ID` varchar(60) DEFAULT NULL,
  `DESCRIPTION` longtext,
  `NAME` varchar(120) NOT NULL,
  `TITLE` varchar(100) DEFAULT NULL,
  `LANGUAGE_ID` int(11) NOT NULL,
  `CUSTOMER_OPT_VAL_ID` bigint(20) DEFAULT NULL,
  PRIMARY KEY (`DESCRIPTION_ID`),
  UNIQUE KEY `UKge7f2t1d31r87wnk09h9u1tnv` (`CUSTOMER_OPT_VAL_ID`,`LANGUAGE_ID`),
  KEY `FK6rfssi3qfx4pswicxrfb18c1` (`LANGUAGE_ID`),
  CONSTRAINT `FK6rfssi3qfx4pswicxrfb18c1` FOREIGN KEY (`LANGUAGE_ID`) REFERENCES `language` (`LANGUAGE_ID`),
  CONSTRAINT `FKhwrs6fyqk6vh11yvcflu42yef` FOREIGN KEY (`CUSTOMER_OPT_VAL_ID`) REFERENCES `customer_option_value` (`CUSTOMER_OPTION_VALUE_ID`)
) ENGINE=InnoDB DEFAULT CHARSET=utf8mb4 ;
/*!40101 SET character_set_client = @saved_cs_client */;

--
-- Dumping data for table `CUSTOMER_OPT_VAL_DESCRIPTION`
--

LOCK TABLES `CUSTOMER_OPT_VAL_DESCRIPTION` WRITE;
/*!40000 ALTER TABLE `CUSTOMER_OPT_VAL_DESCRIPTION` DISABLE KEYS */;
/*!40000 ALTER TABLE `CUSTOMER_OPT_VAL_DESCRIPTION` ENABLE KEYS */;
UNLOCK TABLES;

--
-- Table structure for table `CUSTOMER_OPTIN`
--

DROP TABLE IF EXISTS `CUSTOMER_OPTIN`;
/*!40101 SET @saved_cs_client     = @@character_set_client */;
/*!50503 SET character_set_client = utf8mb4 */;
CREATE TABLE `CUSTOMER_OPTIN` (
  `CUSTOMER_OPTIN_ID` bigint(20) NOT NULL,
  `EMAIL` varchar(255) NOT NULL,
  `FIRST` varchar(255) DEFAULT NULL,
  `LAST` varchar(255) DEFAULT NULL,
  `OPTIN_DATE` datetime DEFAULT NULL,
  `VALUE` longtext,
  `MERCHANT_ID` int(11) NOT NULL,
  `OPTIN_ID` bigint(20) DEFAULT NULL,
  PRIMARY KEY (`CUSTOMER_OPTIN_ID`),
  UNIQUE KEY `UKc4fnyu0pvxxtrbko10rm1jqyw` (`EMAIL`,`OPTIN_ID`),
  KEY `FKk5v94dvhsgibaw89hv4m8o5yw` (`MERCHANT_ID`),
  KEY `FK7qym878m07cwvs4foe68lvqjt` (`OPTIN_ID`),
  CONSTRAINT `FK7qym878m07cwvs4foe68lvqjt` FOREIGN KEY (`OPTIN_ID`) REFERENCES `optin` (`OPTIN_ID`),
  CONSTRAINT `FKk5v94dvhsgibaw89hv4m8o5yw` FOREIGN KEY (`MERCHANT_ID`) REFERENCES `merchant_store` (`MERCHANT_ID`)
) ENGINE=InnoDB DEFAULT CHARSET=utf8mb4 ;
/*!40101 SET character_set_client = @saved_cs_client */;

--
-- Dumping data for table `CUSTOMER_OPTIN`
--

LOCK TABLES `CUSTOMER_OPTIN` WRITE;
/*!40000 ALTER TABLE `CUSTOMER_OPTIN` DISABLE KEYS */;
INSERT INTO `CUSTOMER_OPTIN` VALUES (1,'hemant.nagpal@pieinfosystems.com',NULL,NULL,'2021-06-21 13:04:44',NULL,1,1);
/*!40000 ALTER TABLE `CUSTOMER_OPTIN` ENABLE KEYS */;
UNLOCK TABLES;

--
-- Table structure for table `CUSTOMER_OPTION`
--

DROP TABLE IF EXISTS `CUSTOMER_OPTION`;
/*!40101 SET @saved_cs_client     = @@character_set_client */;
/*!50503 SET character_set_client = utf8mb4 */;
CREATE TABLE `CUSTOMER_OPTION` (
  `CUSTOMER_OPTION_ID` bigint(20) NOT NULL,
  `CUSTOMER_OPT_ACTIVE` bit(1) DEFAULT NULL,
  `CUSTOMER_OPT_CODE` varchar(255) DEFAULT NULL,
  `CUSTOMER_OPTION_TYPE` varchar(10) DEFAULT NULL,
  `CUSTOMER_OPT_PUBLIC` bit(1) DEFAULT NULL,
  `SORT_ORDER` int(11) DEFAULT NULL,
  `MERCHANT_ID` int(11) NOT NULL,
  PRIMARY KEY (`CUSTOMER_OPTION_ID`),
  UNIQUE KEY `UKrov34a6g4dhhiqukvhp1ggm0u` (`MERCHANT_ID`,`CUSTOMER_OPT_CODE`),
  KEY `CUST_OPT_CODE_IDX` (`CUSTOMER_OPT_CODE`),
  CONSTRAINT `FKcmqnh0rn2hukdfowean5tdy8k` FOREIGN KEY (`MERCHANT_ID`) REFERENCES `merchant_store` (`MERCHANT_ID`)
) ENGINE=InnoDB DEFAULT CHARSET=utf8mb4 ;
/*!40101 SET character_set_client = @saved_cs_client */;

--
-- Dumping data for table `CUSTOMER_OPTION`
--

LOCK TABLES `CUSTOMER_OPTION` WRITE;
/*!40000 ALTER TABLE `CUSTOMER_OPTION` DISABLE KEYS */;
/*!40000 ALTER TABLE `CUSTOMER_OPTION` ENABLE KEYS */;
UNLOCK TABLES;

--
-- Table structure for table `CUSTOMER_OPTION_DESC`
--

DROP TABLE IF EXISTS `CUSTOMER_OPTION_DESC`;
/*!40101 SET @saved_cs_client     = @@character_set_client */;
/*!50503 SET character_set_client = utf8mb4 */;
CREATE TABLE `CUSTOMER_OPTION_DESC` (
  `DESCRIPTION_ID` bigint(20) NOT NULL,
  `DATE_CREATED` datetime DEFAULT NULL,
  `DATE_MODIFIED` datetime DEFAULT NULL,
  `UPDT_ID` varchar(60) DEFAULT NULL,
  `DESCRIPTION` longtext,
  `NAME` varchar(120) NOT NULL,
  `TITLE` varchar(100) DEFAULT NULL,
  `CUSTOMER_OPTION_COMMENT` varchar(4000) DEFAULT NULL,
  `LANGUAGE_ID` int(11) NOT NULL,
  `CUSTOMER_OPTION_ID` bigint(20) NOT NULL,
  PRIMARY KEY (`DESCRIPTION_ID`),
  UNIQUE KEY `UK6ovl4t1ciag1wubtcebaoo7vi` (`CUSTOMER_OPTION_ID`,`LANGUAGE_ID`),
  KEY `FKm4iu7v9db17wk2a03xqbqdlfa` (`LANGUAGE_ID`),
  CONSTRAINT `FKc2yiucjbw0wjha8ww7a01qfeo` FOREIGN KEY (`CUSTOMER_OPTION_ID`) REFERENCES `customer_option` (`CUSTOMER_OPTION_ID`),
  CONSTRAINT `FKm4iu7v9db17wk2a03xqbqdlfa` FOREIGN KEY (`LANGUAGE_ID`) REFERENCES `language` (`LANGUAGE_ID`)
) ENGINE=InnoDB DEFAULT CHARSET=utf8mb4 ;
/*!40101 SET character_set_client = @saved_cs_client */;

--
-- Dumping data for table `CUSTOMER_OPTION_DESC`
--

LOCK TABLES `CUSTOMER_OPTION_DESC` WRITE;
/*!40000 ALTER TABLE `CUSTOMER_OPTION_DESC` DISABLE KEYS */;
/*!40000 ALTER TABLE `CUSTOMER_OPTION_DESC` ENABLE KEYS */;
UNLOCK TABLES;

--
-- Table structure for table `CUSTOMER_OPTION_SET`
--

DROP TABLE IF EXISTS `CUSTOMER_OPTION_SET`;
/*!40101 SET @saved_cs_client     = @@character_set_client */;
/*!50503 SET character_set_client = utf8mb4 */;
CREATE TABLE `CUSTOMER_OPTION_SET` (
  `CUSTOMER_OPTIONSET_ID` bigint(20) NOT NULL,
  `SORT_ORDER` int(11) DEFAULT NULL,
  `CUSTOMER_OPTION_ID` bigint(20) NOT NULL,
  `CUSTOMER_OPTION_VALUE_ID` bigint(20) NOT NULL,
  PRIMARY KEY (`CUSTOMER_OPTIONSET_ID`),
  UNIQUE KEY `UK4peli2ritnnq2xqpyq188srm6` (`CUSTOMER_OPTION_ID`,`CUSTOMER_OPTION_VALUE_ID`),
  KEY `FKj9vnvyh6hhhftjbcsymgiodm9` (`CUSTOMER_OPTION_VALUE_ID`),
  CONSTRAINT `FK1y5qtsuabhpwft3dyhqrgmtb4` FOREIGN KEY (`CUSTOMER_OPTION_ID`) REFERENCES `customer_option` (`CUSTOMER_OPTION_ID`),
  CONSTRAINT `FKj9vnvyh6hhhftjbcsymgiodm9` FOREIGN KEY (`CUSTOMER_OPTION_VALUE_ID`) REFERENCES `customer_option_value` (`CUSTOMER_OPTION_VALUE_ID`)
) ENGINE=InnoDB DEFAULT CHARSET=utf8mb4 ;
/*!40101 SET character_set_client = @saved_cs_client */;

--
-- Dumping data for table `CUSTOMER_OPTION_SET`
--

LOCK TABLES `CUSTOMER_OPTION_SET` WRITE;
/*!40000 ALTER TABLE `CUSTOMER_OPTION_SET` DISABLE KEYS */;
/*!40000 ALTER TABLE `CUSTOMER_OPTION_SET` ENABLE KEYS */;
UNLOCK TABLES;

--
-- Table structure for table `CUSTOMER_OPTION_VALUE`
--

DROP TABLE IF EXISTS `CUSTOMER_OPTION_VALUE`;
/*!40101 SET @saved_cs_client     = @@character_set_client */;
/*!50503 SET character_set_client = utf8mb4 */;
CREATE TABLE `CUSTOMER_OPTION_VALUE` (
  `CUSTOMER_OPTION_VALUE_ID` bigint(20) NOT NULL,
  `CUSTOMER_OPT_VAL_CODE` varchar(255) DEFAULT NULL,
  `CUSTOMER_OPT_VAL_IMAGE` varchar(255) DEFAULT NULL,
  `SORT_ORDER` int(11) DEFAULT NULL,
  `MERCHANT_ID` int(11) NOT NULL,
  PRIMARY KEY (`CUSTOMER_OPTION_VALUE_ID`),
  UNIQUE KEY `UKcb1fmv71nrx7m1rlx1ff5qvdt` (`MERCHANT_ID`,`CUSTOMER_OPT_VAL_CODE`),
  KEY `CUST_OPT_VAL_CODE_IDX` (`CUSTOMER_OPT_VAL_CODE`),
  CONSTRAINT `FKho87ssg5rnvwauj3y690a96g6` FOREIGN KEY (`MERCHANT_ID`) REFERENCES `merchant_store` (`MERCHANT_ID`)
) ENGINE=InnoDB DEFAULT CHARSET=utf8mb4 ;
/*!40101 SET character_set_client = @saved_cs_client */;

--
-- Dumping data for table `CUSTOMER_OPTION_VALUE`
--

LOCK TABLES `CUSTOMER_OPTION_VALUE` WRITE;
/*!40000 ALTER TABLE `CUSTOMER_OPTION_VALUE` DISABLE KEYS */;
/*!40000 ALTER TABLE `CUSTOMER_OPTION_VALUE` ENABLE KEYS */;
UNLOCK TABLES;

--
-- Table structure for table `CUSTOMER_REVIEW`
--

DROP TABLE IF EXISTS `CUSTOMER_REVIEW`;
/*!40101 SET @saved_cs_client     = @@character_set_client */;
/*!50503 SET character_set_client = utf8mb4 */;
CREATE TABLE `CUSTOMER_REVIEW` (
  `CUSTOMER_REVIEW_ID` bigint(20) NOT NULL,
  `DATE_CREATED` datetime DEFAULT NULL,
  `DATE_MODIFIED` datetime DEFAULT NULL,
  `UPDT_ID` varchar(60) DEFAULT NULL,
  `REVIEW_DATE` datetime DEFAULT NULL,
  `REVIEWS_RATING` double DEFAULT NULL,
  `REVIEWS_READ` bigint(20) DEFAULT NULL,
  `STATUS` int(11) DEFAULT NULL,
  `CUSTOMERS_ID` bigint(20) DEFAULT NULL,
  `REVIEWED_CUSTOMER_ID` bigint(20) DEFAULT NULL,
  PRIMARY KEY (`CUSTOMER_REVIEW_ID`),
  UNIQUE KEY `UK2momthbfrtgico2yyod8w18pk` (`CUSTOMERS_ID`,`REVIEWED_CUSTOMER_ID`),
  KEY `FK7pmqdk9od2af7cl6alx82fkek` (`REVIEWED_CUSTOMER_ID`),
  CONSTRAINT `FK7pmqdk9od2af7cl6alx82fkek` FOREIGN KEY (`REVIEWED_CUSTOMER_ID`) REFERENCES `customer` (`CUSTOMER_ID`),
  CONSTRAINT `FKayt6tbxp7d4g1qyg8crw2n73p` FOREIGN KEY (`CUSTOMERS_ID`) REFERENCES `customer` (`CUSTOMER_ID`)
) ENGINE=InnoDB DEFAULT CHARSET=utf8mb4 ;
/*!40101 SET character_set_client = @saved_cs_client */;

--
-- Dumping data for table `CUSTOMER_REVIEW`
--

LOCK TABLES `CUSTOMER_REVIEW` WRITE;
/*!40000 ALTER TABLE `CUSTOMER_REVIEW` DISABLE KEYS */;
/*!40000 ALTER TABLE `CUSTOMER_REVIEW` ENABLE KEYS */;
UNLOCK TABLES;

--
-- Table structure for table `CUSTOMER_REVIEW_DESCRIPTION`
--

DROP TABLE IF EXISTS `CUSTOMER_REVIEW_DESCRIPTION`;
/*!40101 SET @saved_cs_client     = @@character_set_client */;
/*!50503 SET character_set_client = utf8mb4 */;
CREATE TABLE `CUSTOMER_REVIEW_DESCRIPTION` (
  `DESCRIPTION_ID` bigint(20) NOT NULL,
  `DATE_CREATED` datetime DEFAULT NULL,
  `DATE_MODIFIED` datetime DEFAULT NULL,
  `UPDT_ID` varchar(60) DEFAULT NULL,
  `DESCRIPTION` longtext,
  `NAME` varchar(120) NOT NULL,
  `TITLE` varchar(100) DEFAULT NULL,
  `LANGUAGE_ID` int(11) NOT NULL,
  `CUSTOMER_REVIEW_ID` bigint(20) DEFAULT NULL,
  PRIMARY KEY (`DESCRIPTION_ID`),
  UNIQUE KEY `UK1va9q0nhoe3wli25ktpmouvyh` (`CUSTOMER_REVIEW_ID`,`LANGUAGE_ID`),
  KEY `FK5pkgrlk32uqaxkrbve5mws1hj` (`LANGUAGE_ID`),
  CONSTRAINT `FK5pkgrlk32uqaxkrbve5mws1hj` FOREIGN KEY (`LANGUAGE_ID`) REFERENCES `language` (`LANGUAGE_ID`),
  CONSTRAINT `FKhf88oagf6t62k28afn8uaijc7` FOREIGN KEY (`CUSTOMER_REVIEW_ID`) REFERENCES `customer_review` (`CUSTOMER_REVIEW_ID`)
) ENGINE=InnoDB DEFAULT CHARSET=utf8mb4 ;
/*!40101 SET character_set_client = @saved_cs_client */;

--
-- Dumping data for table `CUSTOMER_REVIEW_DESCRIPTION`
--

LOCK TABLES `CUSTOMER_REVIEW_DESCRIPTION` WRITE;
/*!40000 ALTER TABLE `CUSTOMER_REVIEW_DESCRIPTION` DISABLE KEYS */;
/*!40000 ALTER TABLE `CUSTOMER_REVIEW_DESCRIPTION` ENABLE KEYS */;
UNLOCK TABLES;

--
-- Table structure for table `FILE_HISTORY`
--

DROP TABLE IF EXISTS `FILE_HISTORY`;
/*!40101 SET @saved_cs_client     = @@character_set_client */;
/*!50503 SET character_set_client = utf8mb4 */;
CREATE TABLE `FILE_HISTORY` (
  `FILE_HISTORY_ID` bigint(20) NOT NULL,
  `ACCOUNTED_DATE` datetime DEFAULT NULL,
  `DATE_ADDED` datetime NOT NULL,
  `DATE_DELETED` datetime DEFAULT NULL,
  `DOWNLOAD_COUNT` int(11) NOT NULL,
  `FILE_ID` bigint(20) DEFAULT NULL,
  `FILESIZE` int(11) NOT NULL,
  `MERCHANT_ID` int(11) NOT NULL,
  PRIMARY KEY (`FILE_HISTORY_ID`),
  UNIQUE KEY `UKav35sb3v4nxq8v1n1rkxufir` (`MERCHANT_ID`,`FILE_ID`),
  CONSTRAINT `FK2k8h4penkjlbtc23vamwyek2g` FOREIGN KEY (`MERCHANT_ID`) REFERENCES `merchant_store` (`MERCHANT_ID`)
) ENGINE=InnoDB DEFAULT CHARSET=utf8mb4 ;
/*!40101 SET character_set_client = @saved_cs_client */;

--
-- Dumping data for table `FILE_HISTORY`
--

LOCK TABLES `FILE_HISTORY` WRITE;
/*!40000 ALTER TABLE `FILE_HISTORY` DISABLE KEYS */;
/*!40000 ALTER TABLE `FILE_HISTORY` ENABLE KEYS */;
UNLOCK TABLES;

--
-- Table structure for table `GEOZONE`
--

DROP TABLE IF EXISTS `GEOZONE`;
/*!40101 SET @saved_cs_client     = @@character_set_client */;
/*!50503 SET character_set_client = utf8mb4 */;
CREATE TABLE `GEOZONE` (
  `GEOZONE_ID` bigint(20) NOT NULL,
  `GEOZONE_CODE` varchar(255) DEFAULT NULL,
  `GEOZONE_NAME` varchar(255) DEFAULT NULL,
  PRIMARY KEY (`GEOZONE_ID`)
) ENGINE=InnoDB DEFAULT CHARSET=utf8mb4 ;
/*!40101 SET character_set_client = @saved_cs_client */;

--
-- Dumping data for table `GEOZONE`
--

LOCK TABLES `GEOZONE` WRITE;
/*!40000 ALTER TABLE `GEOZONE` DISABLE KEYS */;
/*!40000 ALTER TABLE `GEOZONE` ENABLE KEYS */;
UNLOCK TABLES;

--
-- Table structure for table `GEOZONE_DESCRIPTION`
--

DROP TABLE IF EXISTS `GEOZONE_DESCRIPTION`;
/*!40101 SET @saved_cs_client     = @@character_set_client */;
/*!50503 SET character_set_client = utf8mb4 */;
CREATE TABLE `GEOZONE_DESCRIPTION` (
  `DESCRIPTION_ID` bigint(20) NOT NULL,
  `DATE_CREATED` datetime DEFAULT NULL,
  `DATE_MODIFIED` datetime DEFAULT NULL,
  `UPDT_ID` varchar(60) DEFAULT NULL,
  `DESCRIPTION` longtext,
  `NAME` varchar(120) NOT NULL,
  `TITLE` varchar(100) DEFAULT NULL,
  `LANGUAGE_ID` int(11) NOT NULL,
  `GEOZONE_ID` bigint(20) DEFAULT NULL,
  PRIMARY KEY (`DESCRIPTION_ID`),
  UNIQUE KEY `UKsoq8o99w3c8ys3ntamt5i4mat` (`GEOZONE_ID`,`LANGUAGE_ID`),
  KEY `FK1t2hp628edebe5d6co2whbla9` (`LANGUAGE_ID`),
  CONSTRAINT `FK1t2hp628edebe5d6co2whbla9` FOREIGN KEY (`LANGUAGE_ID`) REFERENCES `language` (`LANGUAGE_ID`),
  CONSTRAINT `FKn82te2yb2st4hk2qlhl8ileb9` FOREIGN KEY (`GEOZONE_ID`) REFERENCES `geozone` (`GEOZONE_ID`)
) ENGINE=InnoDB DEFAULT CHARSET=utf8mb4 ;
/*!40101 SET character_set_client = @saved_cs_client */;

--
-- Dumping data for table `GEOZONE_DESCRIPTION`
--

LOCK TABLES `GEOZONE_DESCRIPTION` WRITE;
/*!40000 ALTER TABLE `GEOZONE_DESCRIPTION` DISABLE KEYS */;
/*!40000 ALTER TABLE `GEOZONE_DESCRIPTION` ENABLE KEYS */;
UNLOCK TABLES;

--
-- Table structure for table `LANGUAGE`
--

DROP TABLE IF EXISTS `LANGUAGE`;
/*!40101 SET @saved_cs_client     = @@character_set_client */;
/*!50503 SET character_set_client = utf8mb4 */;
CREATE TABLE `LANGUAGE` (
  `LANGUAGE_ID` int(11) NOT NULL,
  `DATE_CREATED` datetime DEFAULT NULL,
  `DATE_MODIFIED` datetime DEFAULT NULL,
  `UPDT_ID` varchar(60) DEFAULT NULL,
  `CODE` varchar(255) NOT NULL,
  `SORT_ORDER` int(11) DEFAULT NULL,
  PRIMARY KEY (`LANGUAGE_ID`),
  KEY `CODE_IDX2` (`CODE`)
) ENGINE=InnoDB DEFAULT CHARSET=utf8mb4 ;
/*!40101 SET character_set_client = @saved_cs_client */;

--
-- Dumping data for table `LANGUAGE`
--

LOCK TABLES `LANGUAGE` WRITE;
/*!40000 ALTER TABLE `LANGUAGE` DISABLE KEYS */;
INSERT INTO `LANGUAGE` VALUES (1,'2021-06-11 15:22:15','2021-06-11 15:22:15',NULL,'en',NULL),(2,'2021-06-11 15:22:15','2021-06-11 15:22:15',NULL,'fr',NULL),(3,'2021-06-11 15:22:15','2021-06-11 15:22:15',NULL,'es',NULL);
/*!40000 ALTER TABLE `LANGUAGE` ENABLE KEYS */;
UNLOCK TABLES;

--
-- Table structure for table `MANUFACTURER`
--

DROP TABLE IF EXISTS `MANUFACTURER`;
/*!40101 SET @saved_cs_client     = @@character_set_client */;
/*!50503 SET character_set_client = utf8mb4 */;
CREATE TABLE `MANUFACTURER` (
  `MANUFACTURER_ID` bigint(20) NOT NULL,
  `DATE_CREATED` datetime DEFAULT NULL,
  `DATE_MODIFIED` datetime DEFAULT NULL,
  `UPDT_ID` varchar(60) DEFAULT NULL,
  `CODE` varchar(100) NOT NULL,
  `MANUFACTURER_IMAGE` varchar(255) DEFAULT NULL,
  `SORT_ORDER` int(11) DEFAULT NULL,
  `MERCHANT_ID` int(11) NOT NULL,
  PRIMARY KEY (`MANUFACTURER_ID`),
  UNIQUE KEY `UK6brqfdkga7jc78n8dh3v595y3` (`MERCHANT_ID`,`CODE`),
  CONSTRAINT `FKhswph4nthrqwffjekccudsrt2` FOREIGN KEY (`MERCHANT_ID`) REFERENCES `merchant_store` (`MERCHANT_ID`)
) ENGINE=InnoDB DEFAULT CHARSET=utf8mb4 ;
/*!40101 SET character_set_client = @saved_cs_client */;

--
-- Dumping data for table `MANUFACTURER`
--

LOCK TABLES `MANUFACTURER` WRITE;
/*!40000 ALTER TABLE `MANUFACTURER` DISABLE KEYS */;
INSERT INTO `MANUFACTURER` VALUES (1,'2021-06-11 15:22:31','2021-06-11 15:22:31',NULL,'DEFAULT',NULL,0,1),(2,'2021-06-11 16:29:08','2021-06-11 16:29:08',NULL,'tfn',NULL,0,1);
/*!40000 ALTER TABLE `MANUFACTURER` ENABLE KEYS */;
UNLOCK TABLES;

--
-- Table structure for table `MANUFACTURER_DESCRIPTION`
--

DROP TABLE IF EXISTS `MANUFACTURER_DESCRIPTION`;
/*!40101 SET @saved_cs_client     = @@character_set_client */;
/*!50503 SET character_set_client = utf8mb4 */;
CREATE TABLE `MANUFACTURER_DESCRIPTION` (
  `DESCRIPTION_ID` bigint(20) NOT NULL,
  `DATE_CREATED` datetime DEFAULT NULL,
  `DATE_MODIFIED` datetime DEFAULT NULL,
  `UPDT_ID` varchar(60) DEFAULT NULL,
  `DESCRIPTION` longtext,
  `NAME` varchar(120) NOT NULL,
  `TITLE` varchar(100) DEFAULT NULL,
  `DATE_LAST_CLICK` datetime DEFAULT NULL,
  `MANUFACTURERS_URL` varchar(255) DEFAULT NULL,
  `URL_CLICKED` int(11) DEFAULT NULL,
  `LANGUAGE_ID` int(11) NOT NULL,
  `MANUFACTURER_ID` bigint(20) NOT NULL,
  PRIMARY KEY (`DESCRIPTION_ID`),
  UNIQUE KEY `UKlpv09p83sc887clxe04nroup6` (`MANUFACTURER_ID`,`LANGUAGE_ID`),
  KEY `FK20t33wr4tp1kt1uyw7s8a3afl` (`LANGUAGE_ID`),
  CONSTRAINT `FK20t33wr4tp1kt1uyw7s8a3afl` FOREIGN KEY (`LANGUAGE_ID`) REFERENCES `language` (`LANGUAGE_ID`),
  CONSTRAINT `FKre4iys57n5cfbgpg3qqgewtrh` FOREIGN KEY (`MANUFACTURER_ID`) REFERENCES `manufacturer` (`MANUFACTURER_ID`)
) ENGINE=InnoDB DEFAULT CHARSET=utf8mb4 ;
/*!40101 SET character_set_client = @saved_cs_client */;

--
-- Dumping data for table `MANUFACTURER_DESCRIPTION`
--

LOCK TABLES `MANUFACTURER_DESCRIPTION` WRITE;
/*!40000 ALTER TABLE `MANUFACTURER_DESCRIPTION` DISABLE KEYS */;
INSERT INTO `MANUFACTURER_DESCRIPTION` VALUES (1,'2021-06-11 15:22:31','2021-06-11 15:22:31',NULL,'DEFAULT','DEFAULT',NULL,NULL,NULL,NULL,1,1),(2,'2021-06-11 16:29:08','2021-06-11 16:29:08',NULL,'<p>  The Farms Nest - the premium fruits and veggies store</p>\n','The Farms Nest','The Farms Nest',NULL,'the-farms-nest',NULL,1,2);
/*!40000 ALTER TABLE `MANUFACTURER_DESCRIPTION` ENABLE KEYS */;
UNLOCK TABLES;

--
-- Table structure for table `MERCHANT_CONFIGURATION`
--

DROP TABLE IF EXISTS `MERCHANT_CONFIGURATION`;
/*!40101 SET @saved_cs_client     = @@character_set_client */;
/*!50503 SET character_set_client = utf8mb4 */;
CREATE TABLE `MERCHANT_CONFIGURATION` (
  `MERCHANT_CONFIG_ID` bigint(20) NOT NULL,
  `ACTIVE` bit(1) DEFAULT NULL,
  `DATE_CREATED` datetime DEFAULT NULL,
  `DATE_MODIFIED` datetime DEFAULT NULL,
  `UPDT_ID` varchar(60) DEFAULT NULL,
  `CONFIG_KEY` varchar(255) DEFAULT NULL,
  `TYPE` varchar(255) DEFAULT NULL,
  `VALUE` longtext,
  `MERCHANT_ID` int(11) DEFAULT NULL,
  PRIMARY KEY (`MERCHANT_CONFIG_ID`),
  UNIQUE KEY `UKj0c3h8onw3m6hjcr3yylst9fb` (`MERCHANT_ID`,`CONFIG_KEY`),
  CONSTRAINT `FKf9bkgf0ysbp5fo9j69shm0pri` FOREIGN KEY (`MERCHANT_ID`) REFERENCES `merchant_store` (`MERCHANT_ID`)
) ENGINE=InnoDB DEFAULT CHARSET=utf8mb4 ;
/*!40101 SET character_set_client = @saved_cs_client */;

--
-- Dumping data for table `MERCHANT_CONFIGURATION`
--

LOCK TABLES `MERCHANT_CONFIGURATION` WRITE;
/*!40000 ALTER TABLE `MERCHANT_CONFIGURATION` DISABLE KEYS */;
INSERT INTO `MERCHANT_CONFIGURATION` VALUES (1,_binary '\0','2021-06-11 15:22:31','2021-06-22 21:02:33',NULL,'CONFIG','CONFIG','{\"allowPurchaseItems\":true,\"displayContactUs\":true,\"displayCustomerAgreement\":false,\"defaultSearchConfigPath\":{},\"displayCustomerSection\":false,\"displayAddToCartOnFeaturedItems\":true,\"displayPagesMenu\":true,\"testMode\":false,\"displayStoreAddress\":true,\"displaySearchBox\":true,\"debugMode\":true,\"useDefaultSearchConfig\":{}}',1);
/*!40000 ALTER TABLE `MERCHANT_CONFIGURATION` ENABLE KEYS */;
UNLOCK TABLES;

--
-- Table structure for table `MERCHANT_LANGUAGE`
--

DROP TABLE IF EXISTS `MERCHANT_LANGUAGE`;
/*!40101 SET @saved_cs_client     = @@character_set_client */;
/*!50503 SET character_set_client = utf8mb4 */;
CREATE TABLE `MERCHANT_LANGUAGE` (
  `stores_MERCHANT_ID` int(11) NOT NULL,
  `languages_LANGUAGE_ID` int(11) NOT NULL,
  KEY `FKjwy0pjijh1qmcoivq50o2jgec` (`languages_LANGUAGE_ID`),
  KEY `FKiisj0tmoujv6n3iqmytvo39kn` (`stores_MERCHANT_ID`),
  CONSTRAINT `FKiisj0tmoujv6n3iqmytvo39kn` FOREIGN KEY (`stores_MERCHANT_ID`) REFERENCES `merchant_store` (`MERCHANT_ID`),
  CONSTRAINT `FKjwy0pjijh1qmcoivq50o2jgec` FOREIGN KEY (`languages_LANGUAGE_ID`) REFERENCES `language` (`LANGUAGE_ID`)
) ENGINE=InnoDB DEFAULT CHARSET=utf8mb4 ;
/*!40101 SET character_set_client = @saved_cs_client */;

--
-- Dumping data for table `MERCHANT_LANGUAGE`
--

LOCK TABLES `MERCHANT_LANGUAGE` WRITE;
/*!40000 ALTER TABLE `MERCHANT_LANGUAGE` DISABLE KEYS */;
INSERT INTO `MERCHANT_LANGUAGE` VALUES (1,1);
/*!40000 ALTER TABLE `MERCHANT_LANGUAGE` ENABLE KEYS */;
UNLOCK TABLES;

--
-- Table structure for table `MERCHANT_LOG`
--

DROP TABLE IF EXISTS `MERCHANT_LOG`;
/*!40101 SET @saved_cs_client     = @@character_set_client */;
/*!50503 SET character_set_client = utf8mb4 */;
CREATE TABLE `MERCHANT_LOG` (
  `MERCHANT_LOG_ID` bigint(20) NOT NULL,
  `LOG` longtext,
  `MODULE` varchar(25) DEFAULT NULL,
  `MERCHANT_ID` int(11) NOT NULL,
  PRIMARY KEY (`MERCHANT_LOG_ID`),
  KEY `FKto727b9r68qrtn2vvdqdvd4ic` (`MERCHANT_ID`),
  CONSTRAINT `FKto727b9r68qrtn2vvdqdvd4ic` FOREIGN KEY (`MERCHANT_ID`) REFERENCES `merchant_store` (`MERCHANT_ID`)
) ENGINE=InnoDB DEFAULT CHARSET=utf8mb4 ;
/*!40101 SET character_set_client = @saved_cs_client */;

--
-- Dumping data for table `MERCHANT_LOG`
--

LOCK TABLES `MERCHANT_LOG` WRITE;
/*!40000 ALTER TABLE `MERCHANT_LOG` DISABLE KEYS */;
/*!40000 ALTER TABLE `MERCHANT_LOG` ENABLE KEYS */;
UNLOCK TABLES;

--
-- Table structure for table `MERCHANT_STORE`
--

DROP TABLE IF EXISTS `MERCHANT_STORE`;
/*!40101 SET @saved_cs_client     = @@character_set_client */;
/*!50503 SET character_set_client = utf8mb4 */;
CREATE TABLE `MERCHANT_STORE` (
  `MERCHANT_ID` int(11) NOT NULL,
  `DATE_CREATED` datetime DEFAULT NULL,
  `DATE_MODIFIED` datetime DEFAULT NULL,
  `UPDT_ID` varchar(60) DEFAULT NULL,
  `STORE_CODE` varchar(100) NOT NULL,
  `CONTINUESHOPPINGURL` varchar(150) DEFAULT NULL,
  `CURRENCY_FORMAT_NATIONAL` bit(1) DEFAULT NULL,
  `DOMAIN_NAME` varchar(80) DEFAULT NULL,
  `IN_BUSINESS_SINCE` date DEFAULT NULL,
  `INVOICE_TEMPLATE` varchar(25) DEFAULT NULL,
  `IS_RETAILER` bit(1) DEFAULT NULL,
  `SEIZEUNITCODE` varchar(5) DEFAULT NULL,
  `STORE_EMAIL` varchar(60) NOT NULL,
  `STORE_LOGO` varchar(100) DEFAULT NULL,
  `STORE_TEMPLATE` varchar(25) DEFAULT NULL,
  `STORE_ADDRESS` varchar(255) DEFAULT NULL,
  `STORE_CITY` varchar(100) DEFAULT NULL,
  `STORE_NAME` varchar(100) NOT NULL,
  `STORE_PHONE` varchar(50) DEFAULT NULL,
  `STORE_POSTAL_CODE` varchar(15) DEFAULT NULL,
  `STORE_STATE_PROV` varchar(100) DEFAULT NULL,
  `USE_CACHE` bit(1) DEFAULT NULL,
  `WEIGHTUNITCODE` varchar(5) DEFAULT NULL,
  `COUNTRY_ID` int(11) NOT NULL,
  `CURRENCY_ID` bigint(20) NOT NULL,
  `LANGUAGE_ID` int(11) NOT NULL,
  `PARENT_ID` int(11) DEFAULT NULL,
  `ZONE_ID` bigint(20) DEFAULT NULL,
  PRIMARY KEY (`MERCHANT_ID`),
  UNIQUE KEY `UK_4pvtsnqv4nlao8725n9ldpguf` (`STORE_CODE`),
  KEY `FK2gn7vpkd9x832urw7c6jlawnn` (`COUNTRY_ID`),
  KEY `FK63hlw9wp1k1x3f5tke7t2us7s` (`CURRENCY_ID`),
  KEY `FKdnemo9tl8tjhkxko83psvkv19` (`LANGUAGE_ID`),
  KEY `FKgkoele515h76u39b9defibkm9` (`PARENT_ID`),
  KEY `FK5o24aky9161jyofyxmg0g53vv` (`ZONE_ID`),
  CONSTRAINT `FK2gn7vpkd9x832urw7c6jlawnn` FOREIGN KEY (`COUNTRY_ID`) REFERENCES `country` (`COUNTRY_ID`),
  CONSTRAINT `FK5o24aky9161jyofyxmg0g53vv` FOREIGN KEY (`ZONE_ID`) REFERENCES `zone` (`ZONE_ID`),
  CONSTRAINT `FK63hlw9wp1k1x3f5tke7t2us7s` FOREIGN KEY (`CURRENCY_ID`) REFERENCES `currency` (`CURRENCY_ID`),
  CONSTRAINT `FKdnemo9tl8tjhkxko83psvkv19` FOREIGN KEY (`LANGUAGE_ID`) REFERENCES `language` (`LANGUAGE_ID`),
  CONSTRAINT `FKgkoele515h76u39b9defibkm9` FOREIGN KEY (`PARENT_ID`) REFERENCES `merchant_store` (`MERCHANT_ID`)
) ENGINE=InnoDB DEFAULT CHARSET=utf8mb4 ;
/*!40101 SET character_set_client = @saved_cs_client */;

--
-- Dumping data for table `MERCHANT_STORE`
--

LOCK TABLES `MERCHANT_STORE` WRITE;
/*!40000 ALTER TABLE `MERCHANT_STORE` DISABLE KEYS */;
INSERT INTO `MERCHANT_STORE` VALUES (1,NULL,NULL,NULL,'DEFAULT',NULL,_binary '','localhost:8080','2019-06-01',NULL,_binary '\0','IN','admin@thefarmsnest.com','TFN LOGO CC.jpg','generic','Spaze I-Tech Park, Tower B-2, Unit # 853, sector 49','Gurgaon','The Farms Nest','+91 8575857529','122018','',_binary '','KG',37,132,1,NULL,200);
/*!40000 ALTER TABLE `MERCHANT_STORE` ENABLE KEYS */;
UNLOCK TABLES;

--
-- Table structure for table `MODULE_CONFIGURATION`
--

DROP TABLE IF EXISTS `MODULE_CONFIGURATION`;
/*!40101 SET @saved_cs_client     = @@character_set_client */;
/*!50503 SET character_set_client = utf8mb4 */;
CREATE TABLE `MODULE_CONFIGURATION` (
  `MODULE_CONF_ID` bigint(20) NOT NULL,
  `DATE_CREATED` datetime DEFAULT NULL,
  `DATE_MODIFIED` datetime DEFAULT NULL,
  `UPDT_ID` varchar(60) DEFAULT NULL,
  `CODE` varchar(255) NOT NULL,
  `DETAILS` longtext,
  `CONFIGURATION` varchar(4000) DEFAULT NULL,
  `CUSTOM_IND` bit(1) DEFAULT NULL,
  `IMAGE` varchar(255) DEFAULT NULL,
  `MODULE` varchar(255) DEFAULT NULL,
  `REGIONS` varchar(255) DEFAULT NULL,
  `TYPE` varchar(255) DEFAULT NULL,
  PRIMARY KEY (`MODULE_CONF_ID`),
  KEY `MODULE_CONFIGURATION_MODULE` (`MODULE`)
) ENGINE=InnoDB DEFAULT CHARSET=utf8mb4 ;
/*!40101 SET character_set_client = @saved_cs_client */;

--
-- Dumping data for table `MODULE_CONFIGURATION`
--

LOCK TABLES `MODULE_CONFIGURATION` WRITE;
/*!40000 ALTER TABLE `MODULE_CONFIGURATION` DISABLE KEYS */;
INSERT INTO `MODULE_CONFIGURATION` VALUES (1,'2021-06-11 15:22:30','2021-06-11 15:22:30',NULL,'usps',NULL,'[{\"scheme\":\"http\",\"host\":\"testing.shippingapis.com\",\"port\":\"80\",\"uri\":\"/ShippingAPI.dll\",\"env\":\"TEST\",\"config1\":null,\"config2\":null},{\"scheme\":\"http\",\"host\":\"production.shippingapis.com\",\"port\":\"80\",\"uri\":\"/ShippingAPI.dll\",\"env\":\"PROD\",\"config1\":null,\"config2\":null}]',_binary '\0','usps.jpg','SHIPPING','[\"US\"]',NULL),(2,'2021-06-11 15:22:30','2021-06-11 15:22:30',NULL,'canadapost',NULL,'[{\"scheme\":\"https\",\"host\":\"ct.soa-gw.canadapost.ca\",\"port\":\"443\",\"uri\":\"/rs/ship/price\",\"env\":\"TEST\",\"config1\":null,\"config2\":null},{\"scheme\":\"https\",\"host\":\"soa-gw.canadapost.ca\",\"port\":\"443\",\"uri\":\"/rs/ship/price\",\"env\":\"PROD\",\"config1\":null,\"config2\":null}]',_binary '\0','canadapost.jpg','SHIPPING','[\"CA\"]',NULL),(3,'2021-06-11 15:22:30','2021-06-11 15:22:30',NULL,'ups','{\"01\":\"UPS Next Day Air\",\"02\":\"UPS Second Day Air\",\"03\":\"UPS Ground\",\"07\":\"UPS Worldwide Express\",\"08\":\"UPS Worldwide Expedited\",\"11\":\"UPS Standard\",\"12\":\"UPS Three-Day Select\",\"13\":\"UPS Next Day Air Saver\",\"14\":\"UPS Next Day Air Early A.M.\",\"54\":\"UPS Worldwide Express Plus\",\"59\":\"UPS Second Day Air A.M.\",\"69\":\"UPS Saver\"}','[{\"scheme\":\"https\",\"host\":\"wwwcie.ups.com\",\"port\":\"443\",\"uri\":\"/ups.app/xml/Rate\",\"env\":\"TEST\",\"config1\":null,\"config2\":null},{\"scheme\":\"https\",\"host\":\"onlinetools.ups.com\",\"port\":\"443\",\"uri\":\"/xml/Rate\",\"env\":\"PROD\",\"config1\":null,\"config2\":null}]',_binary '\0','ups.jpg','SHIPPING','[\"US\",\"CA\",\"FR\",\"GB\"]',NULL),(4,'2021-06-11 15:22:30','2021-06-11 15:22:30',NULL,'weightBased',NULL,NULL,_binary '',NULL,'SHIPPING','[\"*\"]',NULL),(5,'2021-06-11 15:22:30','2021-06-11 15:22:30',NULL,'customQuotesRules',NULL,NULL,_binary '\0',NULL,'SHIPPING','[\"*\"]',NULL),(6,'2021-06-11 15:22:30','2021-06-11 15:22:30',NULL,'priceByDistance',NULL,NULL,_binary '\0',NULL,'SHIPPING','[\"*\"]',NULL),(7,'2021-06-11 15:22:30','2021-06-11 15:22:30',NULL,'storePickUp',NULL,NULL,_binary '\0',NULL,'SHIPPING','[\"*\"]',NULL),(8,'2021-06-11 15:22:30','2021-06-11 15:22:30',NULL,'moneyorder',NULL,NULL,_binary '\0','moneyorder.gif','PAYMENT','[\"*\"]','moneyorder'),(9,'2021-06-11 15:22:30','2021-06-11 15:22:30',NULL,'paypal-express-checkout',NULL,'[{\"scheme\":\"\",\"host\":\"\",\"port\":\"\",\"uri\":\"\",\"env\":\"TEST\",\"config1\":\"https://www.sandbox.paypal.com/cgi-bin/webscr?cmd=_express-checkout&token=\",\"config2\":null},{\"scheme\":\"\",\"host\":\"\",\"port\":\"\",\"uri\":\"\",\"env\":\"PROD\",\"config1\":\"https://www.paypal.com/cgi-bin/webscr?cmd=_express-checkout&token=\",\"config2\":null}]',_binary '\0','icon-paypal.png','PAYMENT','[\"*\"]','paypal'),(10,'2021-06-11 15:22:30','2021-06-11 15:22:30',NULL,'beanstream',NULL,'[{\"scheme\":\"https\",\"host\":\"www.beanstream.com\",\"port\":\"443\",\"uri\":\"/scripts/process_transaction.asp\",\"env\":\"TEST\",\"config1\":null,\"config2\":null},{\"scheme\":\"https\",\"host\":\"www.beanstream.com\",\"port\":\"443\",\"uri\":\"/scripts/process_transaction.asp\",\"env\":\"PROD\",\"config1\":null,\"config2\":null}]',_binary '\0','beanstream.gif','PAYMENT','[\"US\",\"CA\",\"GB\"]','creditcard'),(11,'2021-06-11 15:22:30','2021-06-11 15:22:30',NULL,'stripe',NULL,'[{\"scheme\":\"https\",\"host\":\"www.stripe.com\",\"port\":\"443\",\"uri\":\"/\",\"env\":\"TEST\",\"config1\":null,\"config2\":null},{\"scheme\":\"https\",\"host\":\"www.stripe.com\",\"port\":\"443\",\"uri\":\"/\",\"env\":\"PROD\",\"config1\":null,\"config2\":null}]',_binary '\0','stripe.png','PAYMENT','[\"US\",\"CA\",\"GB\",\"AU\",\"FI\",\"DK\",\"IE\",\"NO\",\"SE\",\"ES\",\"PT\"]','creditcard'),(12,'2021-06-11 15:22:30','2021-06-11 15:22:30',NULL,'stripe3',NULL,'[{\"scheme\":\"https\",\"host\":\"www.stripe.com\",\"port\":\"443\",\"uri\":\"/\",\"env\":\"TEST\",\"config1\":null,\"config2\":null},{\"scheme\":\"https\",\"host\":\"www.stripe.com\",\"port\":\"443\",\"uri\":\"/\",\"env\":\"PROD\",\"config1\":null,\"config2\":null}]',_binary '\0','stripe.png','PAYMENT','[\"US\",\"CA\",\"GB\",\"AU\",\"FI\",\"DK\",\"IE\",\"NO\",\"SE\",\"ES\",\"PT\"]','creditcard'),(13,'2021-06-11 15:22:30','2021-06-11 15:22:30',NULL,'braintree',NULL,'[{\"scheme\":\"https\",\"host\":\"NOTREQUIRED\",\"port\":\"NOTREQUIRED\",\"uri\":\"NOTREQUIRED\",\"env\":\"TEST\",\"config1\":null,\"config2\":null},{\"scheme\":\"https\",\"host\":\"NOTREQUIRED\",\"port\":\"NOTREQUIRED\",\"uri\":\"NOTREQUIRED\",\"env\":\"PROD\",\"config1\":null,\"config2\":null}]',_binary '\0','braintree.jpg','PAYMENT','[\"US\",\"CA\",\"GB\",\"AU\",\"FI\",\"DK\",\"IE\",\"NO\",\"SE\",\"AL\",\"AD\",\"AT\",\"BY\",\"BE\",\"BG\",\"HY\",\"CY\",\"CZ\",\"FR\",\"GR\",\"IS\",\"IE\",\"IM\",\"IT\",\"PL\",\"LU\",\"CH\",\"RS\",\"SG\",\"MY\",\"HK\",\"NZ\"]','creditcard');
/*!40000 ALTER TABLE `MODULE_CONFIGURATION` ENABLE KEYS */;
UNLOCK TABLES;

--
-- Table structure for table `OPTIN`
--

DROP TABLE IF EXISTS `OPTIN`;
/*!40101 SET @saved_cs_client     = @@character_set_client */;
/*!50503 SET character_set_client = utf8mb4 */;
CREATE TABLE `OPTIN` (
  `OPTIN_ID` bigint(20) NOT NULL,
  `CODE` varchar(255) NOT NULL,
  `DESCRIPTION` varchar(255) DEFAULT NULL,
  `END_DATE` datetime DEFAULT NULL,
  `TYPE` varchar(255) NOT NULL,
  `START_DATE` datetime DEFAULT NULL,
  `MERCHANT_ID` int(11) DEFAULT NULL,
  PRIMARY KEY (`OPTIN_ID`),
  UNIQUE KEY `UKmanlx6siq6ddf14cud40k8gw6` (`MERCHANT_ID`,`CODE`),
  CONSTRAINT `FK37xvfo4the20avv7f1e1771fh` FOREIGN KEY (`MERCHANT_ID`) REFERENCES `merchant_store` (`MERCHANT_ID`)
) ENGINE=InnoDB DEFAULT CHARSET=utf8mb4 ;
/*!40101 SET character_set_client = @saved_cs_client */;

--
-- Dumping data for table `OPTIN`
--

LOCK TABLES `OPTIN` WRITE;
/*!40000 ALTER TABLE `OPTIN` DISABLE KEYS */;
INSERT INTO `OPTIN` VALUES (1,'NEWSLETTER',NULL,NULL,'NEWSLETTER',NULL,1);
/*!40000 ALTER TABLE `OPTIN` ENABLE KEYS */;
UNLOCK TABLES;

--
-- Table structure for table `ORDER_ACCOUNT`
--

DROP TABLE IF EXISTS `ORDER_ACCOUNT`;
/*!40101 SET @saved_cs_client     = @@character_set_client */;
/*!50503 SET character_set_client = utf8mb4 */;
CREATE TABLE `ORDER_ACCOUNT` (
  `ORDER_ACCOUNT_ID` bigint(20) NOT NULL,
  `ORDER_ACCOUNT_BILL_DAY` int(11) NOT NULL,
  `ORDER_ACCOUNT_END_DATE` date DEFAULT NULL,
  `ORDER_ACCOUNT_START_DATE` date NOT NULL,
  `ORDER_ID` bigint(20) NOT NULL,
  PRIMARY KEY (`ORDER_ACCOUNT_ID`),
  KEY `FKi6l5isodh81m5hy8ua06hx73n` (`ORDER_ID`),
  CONSTRAINT `FKi6l5isodh81m5hy8ua06hx73n` FOREIGN KEY (`ORDER_ID`) REFERENCES `orders` (`ORDER_ID`)
) ENGINE=InnoDB DEFAULT CHARSET=utf8mb4 ;
/*!40101 SET character_set_client = @saved_cs_client */;

--
-- Dumping data for table `ORDER_ACCOUNT`
--

LOCK TABLES `ORDER_ACCOUNT` WRITE;
/*!40000 ALTER TABLE `ORDER_ACCOUNT` DISABLE KEYS */;
/*!40000 ALTER TABLE `ORDER_ACCOUNT` ENABLE KEYS */;
UNLOCK TABLES;

--
-- Table structure for table `ORDER_ACCOUNT_PRODUCT`
--

DROP TABLE IF EXISTS `ORDER_ACCOUNT_PRODUCT`;
/*!40101 SET @saved_cs_client     = @@character_set_client */;
/*!50503 SET character_set_client = utf8mb4 */;
CREATE TABLE `ORDER_ACCOUNT_PRODUCT` (
  `ORDER_ACCOUNT_PRODUCT_ID` bigint(20) NOT NULL,
  `ORDER_ACCOUNT_PRODUCT_ACCNT_DT` date DEFAULT NULL,
  `ORDER_ACCOUNT_PRODUCT_END_DT` date DEFAULT NULL,
  `ORDER_ACCOUNT_PRODUCT_EOT` datetime DEFAULT NULL,
  `ORDER_ACCOUNT_PRODUCT_L_ST_DT` datetime DEFAULT NULL,
  `ORDER_ACCOUNT_PRODUCT_L_TRX_ST` int(11) NOT NULL,
  `ORDER_ACCOUNT_PRODUCT_PM_FR_TY` int(11) NOT NULL,
  `ORDER_ACCOUNT_PRODUCT_ST_DT` date NOT NULL,
  `ORDER_ACCOUNT_PRODUCT_STATUS` int(11) NOT NULL,
  `ORDER_ACCOUNT_ID` bigint(20) NOT NULL,
  `ORDER_PRODUCT_ID` bigint(20) NOT NULL,
  PRIMARY KEY (`ORDER_ACCOUNT_PRODUCT_ID`),
  KEY `FK7oxc8ygov7vd2ajt185jhiwts` (`ORDER_ACCOUNT_ID`),
  KEY `FK5kiyyb8ekqi9bfowytww8atcx` (`ORDER_PRODUCT_ID`),
  CONSTRAINT `FK5kiyyb8ekqi9bfowytww8atcx` FOREIGN KEY (`ORDER_PRODUCT_ID`) REFERENCES `order_product` (`ORDER_PRODUCT_ID`),
  CONSTRAINT `FK7oxc8ygov7vd2ajt185jhiwts` FOREIGN KEY (`ORDER_ACCOUNT_ID`) REFERENCES `order_account` (`ORDER_ACCOUNT_ID`)
) ENGINE=InnoDB DEFAULT CHARSET=utf8mb4 ;
/*!40101 SET character_set_client = @saved_cs_client */;

--
-- Dumping data for table `ORDER_ACCOUNT_PRODUCT`
--

LOCK TABLES `ORDER_ACCOUNT_PRODUCT` WRITE;
/*!40000 ALTER TABLE `ORDER_ACCOUNT_PRODUCT` DISABLE KEYS */;
/*!40000 ALTER TABLE `ORDER_ACCOUNT_PRODUCT` ENABLE KEYS */;
UNLOCK TABLES;

--
-- Table structure for table `ORDER_ATTRIBUTE`
--

DROP TABLE IF EXISTS `ORDER_ATTRIBUTE`;
/*!40101 SET @saved_cs_client     = @@character_set_client */;
/*!50503 SET character_set_client = utf8mb4 */;
CREATE TABLE `ORDER_ATTRIBUTE` (
  `ORDER_ATTRIBUTE_ID` bigint(20) NOT NULL,
  `IDENTIFIER` varchar(255) NOT NULL,
  `VALUE` varchar(255) NOT NULL,
  `ORDER_ID` bigint(20) NOT NULL,
  PRIMARY KEY (`ORDER_ATTRIBUTE_ID`),
  KEY `FK4nw5yrtgb4in6leve76bmdnua` (`ORDER_ID`),
  CONSTRAINT `FK4nw5yrtgb4in6leve76bmdnua` FOREIGN KEY (`ORDER_ID`) REFERENCES `orders` (`ORDER_ID`)
) ENGINE=InnoDB DEFAULT CHARSET=utf8mb4 ;
/*!40101 SET character_set_client = @saved_cs_client */;

--
-- Dumping data for table `ORDER_ATTRIBUTE`
--

LOCK TABLES `ORDER_ATTRIBUTE` WRITE;
/*!40000 ALTER TABLE `ORDER_ATTRIBUTE` DISABLE KEYS */;
/*!40000 ALTER TABLE `ORDER_ATTRIBUTE` ENABLE KEYS */;
UNLOCK TABLES;

--
-- Table structure for table `ORDER_PRODUCT`
--

DROP TABLE IF EXISTS `ORDER_PRODUCT`;
/*!40101 SET @saved_cs_client     = @@character_set_client */;
/*!50503 SET character_set_client = utf8mb4 */;
CREATE TABLE `ORDER_PRODUCT` (
  `ORDER_PRODUCT_ID` bigint(20) NOT NULL,
  `ONETIME_CHARGE` decimal(19,2) NOT NULL,
  `PRODUCT_NAME` varchar(64) NOT NULL,
  `PRODUCT_QUANTITY` int(11) DEFAULT NULL,
  `PRODUCT_SKU` varchar(255) DEFAULT NULL,
  `ORDER_ID` bigint(20) NOT NULL,
  PRIMARY KEY (`ORDER_PRODUCT_ID`),
  KEY `FKf0sghmn59s14cxrjtrvkvi5yk` (`ORDER_ID`),
  CONSTRAINT `FKf0sghmn59s14cxrjtrvkvi5yk` FOREIGN KEY (`ORDER_ID`) REFERENCES `orders` (`ORDER_ID`)
) ENGINE=InnoDB DEFAULT CHARSET=utf8mb4 ;
/*!40101 SET character_set_client = @saved_cs_client */;

--
-- Dumping data for table `ORDER_PRODUCT`
--

LOCK TABLES `ORDER_PRODUCT` WRITE;
/*!40000 ALTER TABLE `ORDER_PRODUCT` DISABLE KEYS */;
/*!40000 ALTER TABLE `ORDER_PRODUCT` ENABLE KEYS */;
UNLOCK TABLES;

--
-- Table structure for table `ORDER_PRODUCT_ATTRIBUTE`
--

DROP TABLE IF EXISTS `ORDER_PRODUCT_ATTRIBUTE`;
/*!40101 SET @saved_cs_client     = @@character_set_client */;
/*!50503 SET character_set_client = utf8mb4 */;
CREATE TABLE `ORDER_PRODUCT_ATTRIBUTE` (
  `ORDER_PRODUCT_ATTRIBUTE_ID` bigint(20) NOT NULL,
  `PRODUCT_ATTRIBUTE_IS_FREE` bit(1) NOT NULL,
  `PRODUCT_ATTRIBUTE_NAME` varchar(255) DEFAULT NULL,
  `PRODUCT_ATTRIBUTE_PRICE` decimal(15,4) NOT NULL,
  `PRODUCT_ATTRIBUTE_VAL_NAME` varchar(255) DEFAULT NULL,
  `PRODUCT_ATTRIBUTE_WEIGHT` decimal(15,4) DEFAULT NULL,
  `PRODUCT_OPTION_ID` bigint(20) NOT NULL,
  `PRODUCT_OPTION_VALUE_ID` bigint(20) NOT NULL,
  `ORDER_PRODUCT_ID` bigint(20) NOT NULL,
  PRIMARY KEY (`ORDER_PRODUCT_ATTRIBUTE_ID`),
  KEY `FK7j86rvwaysbok1nuofrnmhmkx` (`ORDER_PRODUCT_ID`),
  CONSTRAINT `FK7j86rvwaysbok1nuofrnmhmkx` FOREIGN KEY (`ORDER_PRODUCT_ID`) REFERENCES `order_product` (`ORDER_PRODUCT_ID`)
) ENGINE=InnoDB DEFAULT CHARSET=utf8mb4 ;
/*!40101 SET character_set_client = @saved_cs_client */;

--
-- Dumping data for table `ORDER_PRODUCT_ATTRIBUTE`
--

LOCK TABLES `ORDER_PRODUCT_ATTRIBUTE` WRITE;
/*!40000 ALTER TABLE `ORDER_PRODUCT_ATTRIBUTE` DISABLE KEYS */;
/*!40000 ALTER TABLE `ORDER_PRODUCT_ATTRIBUTE` ENABLE KEYS */;
UNLOCK TABLES;

--
-- Table structure for table `ORDER_PRODUCT_DOWNLOAD`
--

DROP TABLE IF EXISTS `ORDER_PRODUCT_DOWNLOAD`;
/*!40101 SET @saved_cs_client     = @@character_set_client */;
/*!50503 SET character_set_client = utf8mb4 */;
CREATE TABLE `ORDER_PRODUCT_DOWNLOAD` (
  `ORDER_PRODUCT_DOWNLOAD_ID` bigint(20) NOT NULL,
  `DOWNLOAD_COUNT` int(11) NOT NULL,
  `DOWNLOAD_MAXDAYS` int(11) NOT NULL,
  `ORDER_PRODUCT_FILENAME` varchar(255) NOT NULL,
  `ORDER_PRODUCT_ID` bigint(20) NOT NULL,
  PRIMARY KEY (`ORDER_PRODUCT_DOWNLOAD_ID`),
  KEY `FKstrda0eweharld63j8pxa2o2r` (`ORDER_PRODUCT_ID`),
  CONSTRAINT `FKstrda0eweharld63j8pxa2o2r` FOREIGN KEY (`ORDER_PRODUCT_ID`) REFERENCES `order_product` (`ORDER_PRODUCT_ID`)
) ENGINE=InnoDB DEFAULT CHARSET=utf8mb4 ;
/*!40101 SET character_set_client = @saved_cs_client */;

--
-- Dumping data for table `ORDER_PRODUCT_DOWNLOAD`
--

LOCK TABLES `ORDER_PRODUCT_DOWNLOAD` WRITE;
/*!40000 ALTER TABLE `ORDER_PRODUCT_DOWNLOAD` DISABLE KEYS */;
/*!40000 ALTER TABLE `ORDER_PRODUCT_DOWNLOAD` ENABLE KEYS */;
UNLOCK TABLES;

--
-- Table structure for table `ORDER_PRODUCT_PRICE`
--

DROP TABLE IF EXISTS `ORDER_PRODUCT_PRICE`;
/*!40101 SET @saved_cs_client     = @@character_set_client */;
/*!50503 SET character_set_client = utf8mb4 */;
CREATE TABLE `ORDER_PRODUCT_PRICE` (
  `ORDER_PRODUCT_PRICE_ID` bigint(20) NOT NULL,
  `DEFAULT_PRICE` bit(1) NOT NULL,
  `PRODUCT_PRICE` decimal(19,2) NOT NULL,
  `PRODUCT_PRICE_CODE` varchar(64) NOT NULL,
  `PRODUCT_PRICE_NAME` varchar(255) DEFAULT NULL,
  `PRODUCT_PRICE_SPECIAL` decimal(19,2) DEFAULT NULL,
  `PRD_PRICE_SPECIAL_END_DT` datetime DEFAULT NULL,
  `PRD_PRICE_SPECIAL_ST_DT` datetime DEFAULT NULL,
  `ORDER_PRODUCT_ID` bigint(20) NOT NULL,
  PRIMARY KEY (`ORDER_PRODUCT_PRICE_ID`),
  KEY `FKnkukiqxrieonyulercgnh857s` (`ORDER_PRODUCT_ID`),
  CONSTRAINT `FKnkukiqxrieonyulercgnh857s` FOREIGN KEY (`ORDER_PRODUCT_ID`) REFERENCES `order_product` (`ORDER_PRODUCT_ID`)
) ENGINE=InnoDB DEFAULT CHARSET=utf8mb4 ;
/*!40101 SET character_set_client = @saved_cs_client */;

--
-- Dumping data for table `ORDER_PRODUCT_PRICE`
--

LOCK TABLES `ORDER_PRODUCT_PRICE` WRITE;
/*!40000 ALTER TABLE `ORDER_PRODUCT_PRICE` DISABLE KEYS */;
/*!40000 ALTER TABLE `ORDER_PRODUCT_PRICE` ENABLE KEYS */;
UNLOCK TABLES;

--
-- Table structure for table `ORDER_STATUS_HISTORY`
--

DROP TABLE IF EXISTS `ORDER_STATUS_HISTORY`;
/*!40101 SET @saved_cs_client     = @@character_set_client */;
/*!50503 SET character_set_client = utf8mb4 */;
CREATE TABLE `ORDER_STATUS_HISTORY` (
  `ORDER_STATUS_HISTORY_ID` bigint(20) NOT NULL,
  `COMMENTS` longtext,
  `CUSTOMER_NOTIFIED` int(11) DEFAULT NULL,
  `DATE_ADDED` datetime NOT NULL,
  `status` varchar(255) DEFAULT NULL,
  `ORDER_ID` bigint(20) NOT NULL,
  PRIMARY KEY (`ORDER_STATUS_HISTORY_ID`),
  KEY `FKmhghgf1xy3o0npsp8xkj6wyvq` (`ORDER_ID`),
  CONSTRAINT `FKmhghgf1xy3o0npsp8xkj6wyvq` FOREIGN KEY (`ORDER_ID`) REFERENCES `orders` (`ORDER_ID`)
) ENGINE=InnoDB DEFAULT CHARSET=utf8mb4 ;
/*!40101 SET character_set_client = @saved_cs_client */;

--
-- Dumping data for table `ORDER_STATUS_HISTORY`
--

LOCK TABLES `ORDER_STATUS_HISTORY` WRITE;
/*!40000 ALTER TABLE `ORDER_STATUS_HISTORY` DISABLE KEYS */;
/*!40000 ALTER TABLE `ORDER_STATUS_HISTORY` ENABLE KEYS */;
UNLOCK TABLES;

--
-- Table structure for table `ORDER_TOTAL`
--

DROP TABLE IF EXISTS `ORDER_TOTAL`;
/*!40101 SET @saved_cs_client     = @@character_set_client */;
/*!50503 SET character_set_client = utf8mb4 */;
CREATE TABLE `ORDER_TOTAL` (
  `ORDER_ACCOUNT_ID` bigint(20) NOT NULL,
  `MODULE` varchar(60) DEFAULT NULL,
  `CODE` varchar(255) NOT NULL,
  `ORDER_TOTAL_TYPE` varchar(255) DEFAULT NULL,
  `ORDER_VALUE_TYPE` varchar(255) DEFAULT NULL,
  `SORT_ORDER` int(11) NOT NULL,
  `TEXT` longtext,
  `TITLE` varchar(255) DEFAULT NULL,
  `VALUE` decimal(15,4) NOT NULL,
  `ORDER_ID` bigint(20) NOT NULL,
  PRIMARY KEY (`ORDER_ACCOUNT_ID`),
  KEY `FK1tfvgk5smm80efdcc8uop4he3` (`ORDER_ID`),
  CONSTRAINT `FK1tfvgk5smm80efdcc8uop4he3` FOREIGN KEY (`ORDER_ID`) REFERENCES `orders` (`ORDER_ID`)
) ENGINE=InnoDB DEFAULT CHARSET=utf8mb4 ;
/*!40101 SET character_set_client = @saved_cs_client */;

--
-- Dumping data for table `ORDER_TOTAL`
--

LOCK TABLES `ORDER_TOTAL` WRITE;
/*!40000 ALTER TABLE `ORDER_TOTAL` DISABLE KEYS */;
/*!40000 ALTER TABLE `ORDER_TOTAL` ENABLE KEYS */;
UNLOCK TABLES;

--
-- Table structure for table `ORDERS`
--

DROP TABLE IF EXISTS `ORDERS`;
/*!40101 SET @saved_cs_client     = @@character_set_client */;
/*!50503 SET character_set_client = utf8mb4 */;
CREATE TABLE `ORDERS` (
  `ORDER_ID` bigint(20) NOT NULL,
  `BILLING_STREET_ADDRESS` varchar(256) DEFAULT NULL,
  `BILLING_CITY` varchar(100) DEFAULT NULL,
  `BILLING_COMPANY` varchar(100) DEFAULT NULL,
  `BILLING_FIRST_NAME` varchar(64) NOT NULL,
  `BILLING_LAST_NAME` varchar(64) NOT NULL,
  `LATITUDE` varchar(100) DEFAULT NULL,
  `LONGITUDE` varchar(100) DEFAULT NULL,
  `BILLING_POSTCODE` varchar(20) DEFAULT NULL,
  `BILLING_STATE` varchar(100) DEFAULT NULL,
  `BILLING_TELEPHONE` varchar(32) DEFAULT NULL,
  `CHANNEL` varchar(255) DEFAULT NULL,
  `CONFIRMED_ADDRESS` bit(1) DEFAULT NULL,
  `CARD_TYPE` varchar(255) DEFAULT NULL,
  `CC_CVV` varchar(255) DEFAULT NULL,
  `CC_EXPIRES` varchar(255) DEFAULT NULL,
  `CC_NUMBER` varchar(255) DEFAULT NULL,
  `CC_OWNER` varchar(255) DEFAULT NULL,
  `CURRENCY_VALUE` decimal(19,2) DEFAULT NULL,
  `CUSTOMER_AGREED` bit(1) DEFAULT NULL,
  `CUSTOMER_EMAIL_ADDRESS` varchar(50) NOT NULL,
  `CUSTOMER_ID` bigint(20) DEFAULT NULL,
  `DATE_PURCHASED` date DEFAULT NULL,
  `DELIVERY_STREET_ADDRESS` varchar(256) DEFAULT NULL,
  `DELIVERY_CITY` varchar(100) DEFAULT NULL,
  `DELIVERY_COMPANY` varchar(100) DEFAULT NULL,
  `DELIVERY_FIRST_NAME` varchar(64) DEFAULT NULL,
  `DELIVERY_LAST_NAME` varchar(64) DEFAULT NULL,
  `DELIVERY_POSTCODE` varchar(20) DEFAULT NULL,
  `DELIVERY_STATE` varchar(100) DEFAULT NULL,
  `DELIVERY_TELEPHONE` varchar(32) DEFAULT NULL,
  `IP_ADDRESS` varchar(255) DEFAULT NULL,
  `LAST_MODIFIED` datetime DEFAULT NULL,
  `LOCALE` varchar(255) DEFAULT NULL,
  `ORDER_DATE_FINISHED` datetime DEFAULT NULL,
  `ORDER_TYPE` varchar(255) DEFAULT NULL,
  `PAYMENT_MODULE_CODE` varchar(255) DEFAULT NULL,
  `PAYMENT_TYPE` varchar(255) DEFAULT NULL,
  `SHIPPING_MODULE_CODE` varchar(255) DEFAULT NULL,
  `CART_CODE` varchar(255) DEFAULT NULL,
  `ORDER_STATUS` varchar(255) DEFAULT NULL,
  `ORDER_TOTAL` decimal(19,2) DEFAULT NULL,
  `BILLING_COUNTRY_ID` int(11) NOT NULL,
  `BILLING_ZONE_ID` bigint(20) DEFAULT NULL,
  `CURRENCY_ID` bigint(20) DEFAULT NULL,
  `DELIVERY_COUNTRY_ID` int(11) DEFAULT NULL,
  `DELIVERY_ZONE_ID` bigint(20) DEFAULT NULL,
  `MERCHANTID` int(11) DEFAULT NULL,
  PRIMARY KEY (`ORDER_ID`),
  KEY `FKipesu5tupnriahutgle6xu9ed` (`BILLING_COUNTRY_ID`),
  KEY `FKit6ti99mv5uvuxqskhurv3y59` (`BILLING_ZONE_ID`),
  KEY `FKfusivmw6q3gjxnmp47n9s74qi` (`CURRENCY_ID`),
  KEY `FKnlx97vjyorunxglhy5bird06c` (`DELIVERY_COUNTRY_ID`),
  KEY `FKn9uvjl8105fsly4doo8rqnv5b` (`DELIVERY_ZONE_ID`),
  KEY `FKaodv5ffayq8x50q311o2y8m1` (`MERCHANTID`),
  CONSTRAINT `FKaodv5ffayq8x50q311o2y8m1` FOREIGN KEY (`MERCHANTID`) REFERENCES `merchant_store` (`MERCHANT_ID`),
  CONSTRAINT `FKfusivmw6q3gjxnmp47n9s74qi` FOREIGN KEY (`CURRENCY_ID`) REFERENCES `currency` (`CURRENCY_ID`),
  CONSTRAINT `FKipesu5tupnriahutgle6xu9ed` FOREIGN KEY (`BILLING_COUNTRY_ID`) REFERENCES `country` (`COUNTRY_ID`),
  CONSTRAINT `FKit6ti99mv5uvuxqskhurv3y59` FOREIGN KEY (`BILLING_ZONE_ID`) REFERENCES `zone` (`ZONE_ID`),
  CONSTRAINT `FKn9uvjl8105fsly4doo8rqnv5b` FOREIGN KEY (`DELIVERY_ZONE_ID`) REFERENCES `zone` (`ZONE_ID`),
  CONSTRAINT `FKnlx97vjyorunxglhy5bird06c` FOREIGN KEY (`DELIVERY_COUNTRY_ID`) REFERENCES `country` (`COUNTRY_ID`)
) ENGINE=InnoDB DEFAULT CHARSET=utf8mb4 ;
/*!40101 SET character_set_client = @saved_cs_client */;

--
-- Dumping data for table `ORDERS`
--

LOCK TABLES `ORDERS` WRITE;
/*!40000 ALTER TABLE `ORDERS` DISABLE KEYS */;
/*!40000 ALTER TABLE `ORDERS` ENABLE KEYS */;
UNLOCK TABLES;

--
-- Table structure for table `PERMISSION`
--

DROP TABLE IF EXISTS `PERMISSION`;
/*!40101 SET @saved_cs_client     = @@character_set_client */;
/*!50503 SET character_set_client = utf8mb4 */;
CREATE TABLE `PERMISSION` (
  `PERMISSION_ID` int(11) NOT NULL,
  `DATE_CREATED` datetime DEFAULT NULL,
  `DATE_MODIFIED` datetime DEFAULT NULL,
  `UPDT_ID` varchar(60) DEFAULT NULL,
  `PERMISSION_NAME` varchar(255) DEFAULT NULL,
  PRIMARY KEY (`PERMISSION_ID`),
  UNIQUE KEY `UK_ss26hgwetkj8ms5y5jn2co4j3` (`PERMISSION_NAME`)
) ENGINE=InnoDB DEFAULT CHARSET=utf8mb4 ;
/*!40101 SET character_set_client = @saved_cs_client */;

--
-- Dumping data for table `PERMISSION`
--

LOCK TABLES `PERMISSION` WRITE;
/*!40000 ALTER TABLE `PERMISSION` DISABLE KEYS */;
INSERT INTO `PERMISSION` VALUES (1,'2021-06-11 15:22:14','2021-06-11 15:22:14',NULL,'AUTH'),(2,'2021-06-11 15:22:14','2021-06-11 15:22:14',NULL,'SUPERADMIN'),(3,'2021-06-11 15:22:14','2021-06-11 15:22:14',NULL,'ADMIN'),(4,'2021-06-11 15:22:14','2021-06-11 15:22:14',NULL,'PRODUCTS'),(5,'2021-06-11 15:22:14','2021-06-11 15:22:14',NULL,'ORDER'),(6,'2021-06-11 15:22:14','2021-06-11 15:22:14',NULL,'CONTENT'),(7,'2021-06-11 15:22:14','2021-06-11 15:22:14',NULL,'STORE'),(8,'2021-06-11 15:22:15','2021-06-11 15:22:15',NULL,'TAX'),(9,'2021-06-11 15:22:15','2021-06-11 15:22:15',NULL,'PAYMENT'),(10,'2021-06-11 15:22:15','2021-06-11 15:22:15',NULL,'CUSTOMER'),(11,'2021-06-11 15:22:15','2021-06-11 15:22:15',NULL,'SHIPPING'),(12,'2021-06-11 15:22:15','2021-06-11 15:22:15',NULL,'AUTH_CUSTOMER');
/*!40000 ALTER TABLE `PERMISSION` ENABLE KEYS */;
UNLOCK TABLES;

--
-- Table structure for table `PERMISSION_GROUP`
--

DROP TABLE IF EXISTS `PERMISSION_GROUP`;
/*!40101 SET @saved_cs_client     = @@character_set_client */;
/*!50503 SET character_set_client = utf8mb4 */;
CREATE TABLE `PERMISSION_GROUP` (
  `GROUP_ID` int(11) NOT NULL,
  `PERMISSION_ID` int(11) NOT NULL,
  PRIMARY KEY (`GROUP_ID`,`PERMISSION_ID`),
  KEY `FK77ly3khyuu40odly02d351s84` (`PERMISSION_ID`),
  CONSTRAINT `FK77ly3khyuu40odly02d351s84` FOREIGN KEY (`PERMISSION_ID`) REFERENCES `permission` (`PERMISSION_ID`),
  CONSTRAINT `FKr7ylutdgqp1nrlbhjwit6y17g` FOREIGN KEY (`GROUP_ID`) REFERENCES `sm_group` (`GROUP_ID`)
) ENGINE=InnoDB DEFAULT CHARSET=utf8mb4 ;
/*!40101 SET character_set_client = @saved_cs_client */;

--
-- Dumping data for table `PERMISSION_GROUP`
--

LOCK TABLES `PERMISSION_GROUP` WRITE;
/*!40000 ALTER TABLE `PERMISSION_GROUP` DISABLE KEYS */;
INSERT INTO `PERMISSION_GROUP` VALUES (1,1),(2,1),(3,1),(4,1),(5,1),(6,1),(7,1),(8,1),(1,2),(1,3),(2,3),(3,3),(1,4),(2,4),(3,4),(5,4),(1,5),(2,5),(3,5),(6,5),(1,6),(2,6),(3,6),(4,6),(7,6),(1,7),(2,7),(3,7),(4,7),(1,8),(2,8),(3,8),(4,8),(1,9),(2,9),(3,9),(4,9),(1,10),(2,10),(3,10),(4,10),(1,11),(2,11),(3,11),(4,11),(8,12);
/*!40000 ALTER TABLE `PERMISSION_GROUP` ENABLE KEYS */;
UNLOCK TABLES;

--
-- Table structure for table `PRODUCT`
--

DROP TABLE IF EXISTS `PRODUCT`;
/*!40101 SET @saved_cs_client     = @@character_set_client */;
/*!50503 SET character_set_client = utf8mb4 */;
CREATE TABLE `PRODUCT` (
  `PRODUCT_ID` bigint(20) NOT NULL,
  `DATE_CREATED` datetime DEFAULT NULL,
  `DATE_MODIFIED` datetime DEFAULT NULL,
  `UPDT_ID` varchar(60) DEFAULT NULL,
  `AVAILABLE` bit(1) DEFAULT NULL,
  `COND` int(11) DEFAULT NULL,
  `DATE_AVAILABLE` datetime DEFAULT NULL,
  `PREORDER` bit(1) DEFAULT NULL,
  `PRODUCT_HEIGHT` decimal(19,2) DEFAULT NULL,
  `PRODUCT_FREE` bit(1) DEFAULT NULL,
  `PRODUCT_LENGTH` decimal(19,2) DEFAULT NULL,
  `QUANTITY_ORDERED` int(11) DEFAULT NULL,
  `REVIEW_AVG` decimal(19,2) DEFAULT NULL,
  `REVIEW_COUNT` int(11) DEFAULT NULL,
  `PRODUCT_SHIP` bit(1) DEFAULT NULL,
  `PRODUCT_VIRTUAL` bit(1) DEFAULT NULL,
  `PRODUCT_WEIGHT` decimal(19,2) DEFAULT NULL,
  `PRODUCT_WIDTH` decimal(19,2) DEFAULT NULL,
  `REF_SKU` varchar(255) DEFAULT NULL,
  `RENTAL_DURATION` int(11) DEFAULT NULL,
  `RENTAL_PERIOD` int(11) DEFAULT NULL,
  `RENTAL_STATUS` int(11) DEFAULT NULL,
  `SKU` varchar(255) DEFAULT NULL,
  `SORT_ORDER` int(11) DEFAULT NULL,
  `MANUFACTURER_ID` bigint(20) DEFAULT NULL,
  `MERCHANT_ID` int(11) NOT NULL,
  `CUSTOMER_ID` bigint(20) DEFAULT NULL,
  `TAX_CLASS_ID` bigint(20) DEFAULT NULL,
  `PRODUCT_TYPE_ID` bigint(20) DEFAULT NULL,
  PRIMARY KEY (`PRODUCT_ID`),
  UNIQUE KEY `UKs8ofsn9pehdrstjg52j5qabxh` (`MERCHANT_ID`,`SKU`),
  KEY `FKra5mmrdxn3ci86hod7q1u3vu9` (`MANUFACTURER_ID`),
  KEY `FKqtt5f0aht5h7ough5rbkkcb33` (`CUSTOMER_ID`),
  KEY `FKb8oqtc3j8sqo0t8xdrne7pg69` (`TAX_CLASS_ID`),
  KEY `FKeiirvj8eu40h103fth8es1mt0` (`PRODUCT_TYPE_ID`),
  CONSTRAINT `FKb8oqtc3j8sqo0t8xdrne7pg69` FOREIGN KEY (`TAX_CLASS_ID`) REFERENCES `tax_class` (`TAX_CLASS_ID`),
  CONSTRAINT `FKeiirvj8eu40h103fth8es1mt0` FOREIGN KEY (`PRODUCT_TYPE_ID`) REFERENCES `product_type` (`PRODUCT_TYPE_ID`),
  CONSTRAINT `FKhhoq1nd9e0i4m7rt8gkh7d67h` FOREIGN KEY (`MERCHANT_ID`) REFERENCES `merchant_store` (`MERCHANT_ID`),
  CONSTRAINT `FKqtt5f0aht5h7ough5rbkkcb33` FOREIGN KEY (`CUSTOMER_ID`) REFERENCES `customer` (`CUSTOMER_ID`),
  CONSTRAINT `FKra5mmrdxn3ci86hod7q1u3vu9` FOREIGN KEY (`MANUFACTURER_ID`) REFERENCES `manufacturer` (`MANUFACTURER_ID`)
) ENGINE=InnoDB DEFAULT CHARSET=utf8mb4 ;
/*!40101 SET character_set_client = @saved_cs_client */;

--
-- Dumping data for table `PRODUCT`
--

LOCK TABLES `PRODUCT` WRITE;
/*!40000 ALTER TABLE `PRODUCT` DISABLE KEYS */;
INSERT INTO `PRODUCT` VALUES (1,'2021-06-11 16:33:57','2021-06-11 20:53:46',NULL,_binary '',NULL,'2021-06-11 00:00:00',_binary '\0',NULL,_binary '\0',NULL,NULL,NULL,NULL,_binary '',_binary '\0',1.00,NULL,'apple_fuji',NULL,NULL,NULL,'sku_apple',0,1,1,NULL,1,1),(2,'2021-06-11 16:40:01','2021-06-11 16:40:01',NULL,_binary '',NULL,'2021-06-11 16:40:01',_binary '\0',NULL,_binary '\0',NULL,NULL,NULL,NULL,_binary '',_binary '\0',1.00,NULL,'broccoli',NULL,NULL,NULL,'sku_bro_1',0,1,1,NULL,1,1),(50,'2021-06-17 18:29:18','2021-06-17 19:20:35',NULL,_binary '',NULL,'2021-06-17 18:29:08',_binary '\0',NULL,_binary '\0',NULL,NULL,NULL,NULL,_binary '',_binary '\0',1.00,NULL,'Alphanso Mango',NULL,NULL,NULL,'sku_alphonso_mango',0,1,1,NULL,1,1),(51,'2021-06-17 18:31:41','2021-06-17 18:33:02',NULL,_binary '',NULL,'2021-06-17 00:00:00',_binary '\0',NULL,_binary '\0',NULL,NULL,NULL,NULL,_binary '\0',_binary '\0',0.50,NULL,'Apple Royal Gala',NULL,NULL,NULL,'sku_apple_rotal_gala_01',0,1,1,NULL,1,1),(52,'2021-06-17 18:36:04','2021-06-17 18:36:04',NULL,_binary '',NULL,'2021-06-17 18:36:04',_binary '\0',NULL,_binary '\0',NULL,NULL,NULL,NULL,_binary '\0',_binary '\0',1.00,NULL,'sku_apple_washington',NULL,NULL,NULL,'sku_apple_washington',0,1,1,NULL,1,1),(53,'2021-06-17 18:40:45','2021-06-17 18:40:45',NULL,_binary '',NULL,'2021-06-17 18:40:45',_binary '\0',NULL,_binary '\0',NULL,NULL,NULL,NULL,_binary '\0',_binary '\0',NULL,NULL,' Pomegranate',NULL,NULL,NULL,'sku_ Pomegranate',0,1,1,NULL,1,1),(54,'2021-06-17 19:28:09','2021-06-17 19:28:09',NULL,_binary '',NULL,'2021-06-17 19:23:11',_binary '\0',NULL,_binary '\0',NULL,NULL,NULL,NULL,_binary '\0',_binary '\0',1.00,NULL,'sku_apple_green',NULL,NULL,NULL,'sku_apple_green',0,1,1,NULL,1,1),(100,'2021-06-17 19:38:07','2021-06-17 19:38:07',NULL,_binary '',NULL,'2021-06-17 19:37:52',_binary '\0',NULL,_binary '\0',NULL,NULL,NULL,NULL,_binary '\0',_binary '\0',1.00,NULL,'sku_apple_plums',NULL,NULL,NULL,'sku_apple_plums',0,1,1,NULL,1,1),(150,'2021-06-23 16:11:23','2021-06-23 16:11:23',NULL,_binary '',NULL,'2021-06-23 16:11:22',_binary '\0',20.00,_binary '\0',15.00,NULL,NULL,NULL,_binary '\0',_binary '\0',0.50,20.00,'Dragon Fruit',NULL,NULL,NULL,'sku_drag_fru_02',0,1,1,NULL,1,1),(200,'2021-06-23 21:36:05','2021-06-23 21:36:05',NULL,_binary '',NULL,'2021-06-23 21:36:05',_binary '\0',10.00,_binary '\0',20.00,NULL,NULL,NULL,_binary '\0',_binary '\0',500.00,20.00,'Beetroot',NULL,NULL,NULL,'sku_beetroot_01',0,1,1,NULL,1,1),(201,'2021-06-23 21:45:40','2021-06-23 21:45:40',NULL,_binary '',NULL,'2021-06-23 21:38:58',_binary '\0',1.00,_binary '\0',1.00,NULL,NULL,NULL,_binary '\0',_binary '\0',250.00,1.00,'Bitter Gourd',NULL,NULL,NULL,'sku_bittergourd_01',0,1,1,NULL,1,1),(202,'2021-06-24 13:53:55','2021-06-24 13:53:55',NULL,_binary '',NULL,'2021-06-24 13:52:55',_binary '\0',1.00,_binary '\0',1.00,NULL,NULL,NULL,_binary '\0',_binary '\0',0.50,1.00,'Capsicum / Bell Pepper',NULL,NULL,NULL,'sku_capsicum',0,1,1,NULL,1,1),(250,'2021-06-24 14:31:49','2021-06-24 14:31:49',NULL,_binary '',NULL,'2021-06-24 14:29:32',_binary '\0',2.00,_binary '\0',2.00,NULL,NULL,NULL,_binary '\0',_binary '\0',0.50,2.00,'Cauliflower',NULL,NULL,NULL,'sku_cauliflower',0,1,1,NULL,1,1),(300,'2021-06-25 14:24:21','2021-06-25 14:24:21',NULL,_binary '',NULL,'2021-06-25 14:24:09',_binary '\0',5.00,_binary '\0',5.00,NULL,NULL,NULL,_binary '\0',_binary '\0',0.10,5.00,'Corinder leaf',NULL,NULL,NULL,'sku_corinder_leaf',0,1,1,NULL,1,1),(350,'2021-06-25 15:29:26','2021-06-25 15:29:26',NULL,_binary '',NULL,'2021-06-25 15:29:20',_binary '\0',89.00,_binary '\0',89.00,NULL,NULL,NULL,_binary '\0',_binary '\0',89.00,89.00,'Corn, Indian Corn, Maize',NULL,NULL,NULL,'SKU_corn',0,1,1,NULL,1,1),(400,'2021-06-25 16:09:20','2021-06-25 16:09:20',NULL,_binary '',NULL,'2021-06-25 16:09:19',_binary '\0',9.00,_binary '\0',9.00,NULL,NULL,NULL,_binary '\0',_binary '\0',0.25,9.00,'Celery',NULL,NULL,NULL,'SKU_celery',0,1,1,NULL,1,1),(500,'2021-06-25 18:25:42','2021-06-25 18:25:42',NULL,_binary '',NULL,'2021-06-25 18:25:42',_binary '\0',5.00,_binary '\0',5.00,NULL,NULL,NULL,_binary '\0',_binary '\0',0.25,5.00,'Cluster Beans, French Beans,Chilli, Red Chilli',NULL,NULL,NULL,'SKU_beans,SKU_red_chilli',0,1,1,NULL,1,1),(550,'2021-06-25 19:07:21','2021-06-25 19:07:21',NULL,_binary '',NULL,'2021-06-25 19:05:56',_binary '\0',5.00,_binary '\0',5.00,NULL,NULL,NULL,_binary '\0',_binary '\0',0.25,5.00,'Curry Leaf',NULL,NULL,NULL,'SKU_curry_leaf',0,1,1,NULL,1,1),(850,'2021-06-27 16:55:11','2021-06-27 16:55:11',NULL,_binary '',NULL,'2021-06-27 16:55:04',_binary '\0',8.00,_binary '\0',8.00,NULL,NULL,NULL,_binary '\0',_binary '\0',0.50,8.00,'Mushroom',NULL,NULL,NULL,'SKU_mushroom',0,1,1,NULL,1,1),(900,'2021-06-27 17:16:26','2021-06-27 17:16:26',NULL,_binary '',NULL,'2021-06-27 17:16:26',_binary '\0',8.00,_binary '\0',8.00,NULL,NULL,NULL,_binary '\0',_binary '\0',1.00,8.00,'Mustard greens',NULL,NULL,NULL,'SKU_mustard',0,1,1,NULL,1,1);
/*!40000 ALTER TABLE `PRODUCT` ENABLE KEYS */;
UNLOCK TABLES;

--
-- Table structure for table `PRODUCT_ATTRIBUTE`
--

DROP TABLE IF EXISTS `PRODUCT_ATTRIBUTE`;
/*!40101 SET @saved_cs_client     = @@character_set_client */;
/*!50503 SET character_set_client = utf8mb4 */;
CREATE TABLE `PRODUCT_ATTRIBUTE` (
  `PRODUCT_ATTRIBUTE_ID` bigint(20) NOT NULL,
  `PRODUCT_ATTRIBUTE_DEFAULT` bit(1) DEFAULT NULL,
  `PRODUCT_ATTRIBUTE_DISCOUNTED` bit(1) DEFAULT NULL,
  `PRODUCT_ATTRIBUTE_FOR_DISP` bit(1) DEFAULT NULL,
  `PRODUCT_ATTRIBUTE_REQUIRED` bit(1) DEFAULT NULL,
  `PRODUCT_ATTRIBUTE_FREE` bit(1) DEFAULT NULL,
  `PRODUCT_ATRIBUTE_PRICE` decimal(19,2) DEFAULT NULL,
  `PRODUCT_ATTRIBUTE_WEIGHT` decimal(19,2) DEFAULT NULL,
  `PRODUCT_ATTRIBUTE_SORT_ORD` int(11) DEFAULT NULL,
  `PRODUCT_ID` bigint(20) NOT NULL,
  `OPTION_ID` bigint(20) NOT NULL,
  `OPTION_VALUE_ID` bigint(20) NOT NULL,
  PRIMARY KEY (`PRODUCT_ATTRIBUTE_ID`),
  UNIQUE KEY `UKo0c6cfxcfejwfa2877gfgpuco` (`OPTION_ID`,`OPTION_VALUE_ID`,`PRODUCT_ID`),
  KEY `FKml3nvemdjya159a7669qt1gjd` (`PRODUCT_ID`),
  KEY `FK3rleultg9fn2dxruefbb18d5t` (`OPTION_VALUE_ID`),
  CONSTRAINT `FK2st60u9twmvvaowwn88mt3lrx` FOREIGN KEY (`OPTION_ID`) REFERENCES `product_option` (`PRODUCT_OPTION_ID`),
  CONSTRAINT `FK3rleultg9fn2dxruefbb18d5t` FOREIGN KEY (`OPTION_VALUE_ID`) REFERENCES `product_option_value` (`PRODUCT_OPTION_VALUE_ID`),
  CONSTRAINT `FKml3nvemdjya159a7669qt1gjd` FOREIGN KEY (`PRODUCT_ID`) REFERENCES `product` (`PRODUCT_ID`)
) ENGINE=InnoDB DEFAULT CHARSET=utf8mb4 ;
/*!40101 SET character_set_client = @saved_cs_client */;

--
-- Dumping data for table `PRODUCT_ATTRIBUTE`
--

LOCK TABLES `PRODUCT_ATTRIBUTE` WRITE;
/*!40000 ALTER TABLE `PRODUCT_ATTRIBUTE` DISABLE KEYS */;
/*!40000 ALTER TABLE `PRODUCT_ATTRIBUTE` ENABLE KEYS */;
UNLOCK TABLES;

--
-- Table structure for table `PRODUCT_AVAILABILITY`
--

DROP TABLE IF EXISTS `PRODUCT_AVAILABILITY`;
/*!40101 SET @saved_cs_client     = @@character_set_client */;
/*!50503 SET character_set_client = utf8mb4 */;
CREATE TABLE `PRODUCT_AVAILABILITY` (
  `PRODUCT_AVAIL_ID` bigint(20) NOT NULL,
  `DATE_CREATED` datetime DEFAULT NULL,
  `DATE_MODIFIED` datetime DEFAULT NULL,
  `UPDT_ID` varchar(60) DEFAULT NULL,
  `AVAILABLE` bit(1) DEFAULT NULL,
  `HEIGHT` decimal(19,2) DEFAULT NULL,
  `LENGTH` decimal(19,2) DEFAULT NULL,
  `WEIGHT` decimal(19,2) DEFAULT NULL,
  `WIDTH` decimal(19,2) DEFAULT NULL,
  `OWNER` varchar(255) DEFAULT NULL,
  `DATE_AVAILABLE` date DEFAULT NULL,
  `FREE_SHIPPING` bit(1) DEFAULT NULL,
  `QUANTITY` int(11) DEFAULT NULL,
  `QUANTITY_ORD_MAX` int(11) DEFAULT NULL,
  `QUANTITY_ORD_MIN` int(11) DEFAULT NULL,
  `STATUS` bit(1) DEFAULT NULL,
  `REGION` varchar(255) DEFAULT NULL,
  `REGION_VARIANT` varchar(255) DEFAULT NULL,
  `SKU` varchar(255) DEFAULT NULL,
  `MERCHANT_ID` int(11) DEFAULT NULL,
  `PRODUCT_ID` bigint(20) NOT NULL,
  PRIMARY KEY (`PRODUCT_AVAIL_ID`),
  KEY `FKmjs1xqdsgji88j5uduj83bntl` (`MERCHANT_ID`),
  KEY `FK5sbh4dx25pmjcqx958hr9ys8h` (`PRODUCT_ID`),
  CONSTRAINT `FK5sbh4dx25pmjcqx958hr9ys8h` FOREIGN KEY (`PRODUCT_ID`) REFERENCES `product` (`PRODUCT_ID`),
  CONSTRAINT `FKmjs1xqdsgji88j5uduj83bntl` FOREIGN KEY (`MERCHANT_ID`) REFERENCES `merchant_store` (`MERCHANT_ID`)
) ENGINE=InnoDB DEFAULT CHARSET=utf8mb4 ;
/*!40101 SET character_set_client = @saved_cs_client */;

--
-- Dumping data for table `PRODUCT_AVAILABILITY`
--

LOCK TABLES `PRODUCT_AVAILABILITY` WRITE;
/*!40000 ALTER TABLE `PRODUCT_AVAILABILITY` DISABLE KEYS */;
INSERT INTO `PRODUCT_AVAILABILITY` VALUES (1,NULL,NULL,NULL,NULL,NULL,NULL,NULL,NULL,NULL,NULL,_binary '\0',10000,9,1,_binary '','*',NULL,NULL,NULL,1),(2,NULL,NULL,NULL,NULL,NULL,NULL,NULL,NULL,NULL,NULL,_binary '\0',10000,9,1,_binary '','*',NULL,NULL,NULL,2),(50,NULL,NULL,NULL,NULL,NULL,NULL,NULL,NULL,NULL,NULL,_binary '\0',300,9,1,_binary '','*',NULL,NULL,NULL,50),(51,NULL,NULL,NULL,NULL,NULL,NULL,NULL,NULL,NULL,NULL,_binary '\0',600,50,1,_binary '','*',NULL,NULL,NULL,51),(52,NULL,NULL,NULL,NULL,NULL,NULL,NULL,NULL,NULL,NULL,_binary '\0',400,90,1,_binary '','*',NULL,NULL,NULL,52),(53,NULL,NULL,NULL,NULL,NULL,NULL,NULL,NULL,NULL,NULL,_binary '\0',500,100,1,_binary '','*',NULL,NULL,NULL,53),(54,NULL,NULL,NULL,NULL,NULL,NULL,NULL,NULL,NULL,NULL,_binary '\0',600,99,1,_binary '','*',NULL,NULL,NULL,54),(100,NULL,NULL,NULL,NULL,NULL,NULL,NULL,NULL,NULL,NULL,_binary '\0',600,99,1,_binary '','*',NULL,NULL,NULL,100),(150,NULL,NULL,NULL,NULL,NULL,NULL,NULL,NULL,NULL,NULL,_binary '\0',200,15,1,_binary '','*',NULL,NULL,NULL,150),(200,NULL,NULL,NULL,NULL,NULL,NULL,NULL,NULL,NULL,NULL,_binary '\0',1000,15,1,_binary '','*',NULL,NULL,NULL,200),(201,NULL,NULL,NULL,NULL,NULL,NULL,NULL,NULL,NULL,NULL,_binary '\0',2000,15,1,_binary '','*',NULL,NULL,NULL,201),(202,NULL,NULL,NULL,NULL,NULL,NULL,NULL,NULL,NULL,NULL,_binary '\0',500,9,1,_binary '','*',NULL,NULL,NULL,202),(250,NULL,NULL,NULL,NULL,NULL,NULL,NULL,NULL,NULL,NULL,_binary '\0',300,9,1,_binary '','*',NULL,NULL,NULL,250),(300,NULL,NULL,NULL,NULL,NULL,NULL,NULL,NULL,NULL,NULL,_binary '\0',1000,9,1,_binary '','*',NULL,NULL,NULL,300),(350,NULL,NULL,NULL,NULL,NULL,NULL,NULL,NULL,NULL,NULL,_binary '\0',2000,5,1,_binary '','*',NULL,NULL,NULL,350),(400,NULL,NULL,NULL,NULL,NULL,NULL,NULL,NULL,NULL,NULL,_binary '\0',9000,5,1,_binary '','*',NULL,NULL,NULL,400),(500,NULL,NULL,NULL,NULL,NULL,NULL,NULL,NULL,NULL,NULL,_binary '\0',1000,9,1,_binary '','*',NULL,NULL,NULL,500),(550,NULL,NULL,NULL,NULL,NULL,NULL,NULL,NULL,NULL,NULL,_binary '\0',200,9,1,_binary '','*',NULL,NULL,NULL,550),(850,NULL,NULL,NULL,NULL,NULL,NULL,NULL,NULL,NULL,NULL,_binary '\0',999,9,1,_binary '','*',NULL,NULL,NULL,850),(900,NULL,NULL,NULL,NULL,NULL,NULL,NULL,NULL,NULL,NULL,_binary '\0',1000,5,1,_binary '','*',NULL,NULL,NULL,900);
/*!40000 ALTER TABLE `PRODUCT_AVAILABILITY` ENABLE KEYS */;
UNLOCK TABLES;

--
-- Table structure for table `PRODUCT_CATEGORY`
--

DROP TABLE IF EXISTS `PRODUCT_CATEGORY`;
/*!40101 SET @saved_cs_client     = @@character_set_client */;
/*!50503 SET character_set_client = utf8mb4 */;
CREATE TABLE `PRODUCT_CATEGORY` (
  `PRODUCT_ID` bigint(20) NOT NULL,
  `CATEGORY_ID` bigint(20) NOT NULL,
  PRIMARY KEY (`PRODUCT_ID`,`CATEGORY_ID`),
  KEY `FK3xw1sbaa29r534jvedimdd7md` (`CATEGORY_ID`),
  CONSTRAINT `FK3xw1sbaa29r534jvedimdd7md` FOREIGN KEY (`CATEGORY_ID`) REFERENCES `category` (`CATEGORY_ID`),
  CONSTRAINT `FKa7245ly271mb0crlhxwhhppsq` FOREIGN KEY (`PRODUCT_ID`) REFERENCES `product` (`PRODUCT_ID`)
) ENGINE=InnoDB DEFAULT CHARSET=utf8mb4 ;
/*!40101 SET character_set_client = @saved_cs_client */;

--
-- Dumping data for table `PRODUCT_CATEGORY`
--

LOCK TABLES `PRODUCT_CATEGORY` WRITE;
/*!40000 ALTER TABLE `PRODUCT_CATEGORY` DISABLE KEYS */;
INSERT INTO `PRODUCT_CATEGORY` VALUES (1,1),(51,1),(52,1),(2,2),(200,2),(202,2),(300,2),(350,2),(400,2),(50,50),(51,50),(53,50),(150,50),(550,101),(900,101),(500,102),(850,102);
/*!40000 ALTER TABLE `PRODUCT_CATEGORY` ENABLE KEYS */;
UNLOCK TABLES;

--
-- Table structure for table `PRODUCT_DESCRIPTION`
--

DROP TABLE IF EXISTS `PRODUCT_DESCRIPTION`;
/*!40101 SET @saved_cs_client     = @@character_set_client */;
/*!50503 SET character_set_client = utf8mb4 */;
CREATE TABLE `PRODUCT_DESCRIPTION` (
  `DESCRIPTION_ID` bigint(20) NOT NULL,
  `DATE_CREATED` datetime DEFAULT NULL,
  `DATE_MODIFIED` datetime DEFAULT NULL,
  `UPDT_ID` varchar(60) DEFAULT NULL,
  `DESCRIPTION` longtext,
  `NAME` varchar(120) NOT NULL,
  `TITLE` varchar(100) DEFAULT NULL,
  `META_DESCRIPTION` varchar(255) DEFAULT NULL,
  `META_KEYWORDS` varchar(255) DEFAULT NULL,
  `META_TITLE` varchar(255) DEFAULT NULL,
  `DOWNLOAD_LNK` varchar(255) DEFAULT NULL,
  `PRODUCT_HIGHLIGHT` varchar(255) DEFAULT NULL,
  `SEF_URL` varchar(255) DEFAULT NULL,
  `LANGUAGE_ID` int(11) NOT NULL,
  `PRODUCT_ID` bigint(20) NOT NULL,
  PRIMARY KEY (`DESCRIPTION_ID`),
  UNIQUE KEY `UKq4dnkx5b776ayqas2h4rr2d8q` (`PRODUCT_ID`,`LANGUAGE_ID`),
  KEY `PRODUCT_DESCRIPTION_SEF_URL` (`SEF_URL`),
  KEY `FK6esjdaa6vu2t5vjin788a8og6` (`LANGUAGE_ID`),
  CONSTRAINT `FK6esjdaa6vu2t5vjin788a8og6` FOREIGN KEY (`LANGUAGE_ID`) REFERENCES `language` (`LANGUAGE_ID`),
  CONSTRAINT `FKm46yjcu59q79qrokgglwq2ove` FOREIGN KEY (`PRODUCT_ID`) REFERENCES `product` (`PRODUCT_ID`)
) ENGINE=InnoDB DEFAULT CHARSET=utf8mb4 ;
/*!40101 SET character_set_client = @saved_cs_client */;

--
-- Dumping data for table `PRODUCT_DESCRIPTION`
--

LOCK TABLES `PRODUCT_DESCRIPTION` WRITE;
/*!40000 ALTER TABLE `PRODUCT_DESCRIPTION` DISABLE KEYS */;
INSERT INTO `PRODUCT_DESCRIPTION` VALUES (1,'2021-06-11 20:53:46','2021-06-11 20:53:46',NULL,'<p>  The premium apple available for you at your doorstep</p>\n','Apple Fuji',NULL,'','','Apple Fuji','','Fuji Apple from the farms Nest','apple-fuji',1,1),(2,'2021-06-11 16:40:01','2021-06-11 16:40:01',NULL,'<p>  broccoli</p>\n','broccoli',NULL,'broccoli','','Broccoli','','broccoli','broccoli',1,2),(3,'2021-06-17 18:29:18','2021-06-17 18:29:18',NULL,'<p>  Alphonso Mango</p>\n','Alphanso Mango',NULL,'Alphonso Mango','','Alphonso Mango','','Alphonso Mango','alphanso-mango',1,50),(4,'2021-06-17 18:33:02','2021-06-17 18:33:02',NULL,'<p>  Apple Royal Gala</p>\n','Apple Royal Gala',NULL,'Apple Royal Gala','','Apple Royal Gala','','Apple Royal Gala','apple-royal-gala',1,51),(5,'2021-06-17 18:36:04','2021-06-17 18:36:04',NULL,'<p>  Apple Washington</p>\n','Apple Washington',NULL,'Apple Washington','','Apple Washington','','Apple Washington','apple-washington',1,52),(6,'2021-06-17 18:40:45','2021-06-17 18:40:45',NULL,'<p>   </p>\n<p>Pomegranate</p>\n',' Pomegranate',NULL,' Pomegranate','',' Pomegranate','',' Pomegranate','pomegranate',1,53),(7,'2021-06-17 19:28:10','2021-06-17 19:28:10',NULL,'<p>  Apple Green</p>\n','Apple Green',NULL,'Apple Green','','Apple Green','','Apple Green','apple-green',1,54),(8,'2021-06-17 19:38:13','2021-06-17 19:38:13',NULL,'<p>  Plums Imported</p>\n','Plums Imported',NULL,'Plums Imported','','Plums Imported','','Plums Imported','plums-imported',1,100),(9,'2021-06-23 16:11:23','2021-06-23 16:11:23',NULL,'<p>  Dragon Fruit</p>\n','Dragon Fruit',NULL,'Dragon Fruit','','Dragon Fruit','','Dragon Fruit','dragon-fruit',1,150),(10,'2021-06-23 21:36:06','2021-06-23 21:36:06',NULL,'<p>Beetroot</p>\n','Beetroot',NULL,'Beetroot','','Beetroot','','Beetroot','beetroot',1,200),(11,'2021-06-23 21:45:41','2021-06-23 21:45:41',NULL,'<p>Bitter Gourd</p>\n','Bitter Gourd',NULL,'Bitter Gourd','','Bitter Gourd','','Bitter Gourd','bitter-gourd',1,201),(12,'2021-06-24 13:53:55','2021-06-24 13:53:55',NULL,'<p>  Capsicum / Bell Pepper</p>\n<p>   </p>\n','Capsicum / Bell Pepper',NULL,'Capsicum / Bell Pepper','','Capsicum / Bell Pepper','','Capsicum / Bell Pepper','capsicum-bell-pepper',1,202),(13,'2021-06-24 14:31:55','2021-06-24 14:31:55',NULL,'<p>Cauliflower</p>\n','Cauliflower',NULL,'Cauliflower','','Cauliflower','','Cauliflower','cauliflower',1,250),(14,'2021-06-25 14:24:22','2021-06-25 14:24:22',NULL,'<p>Corinder leaf</p>\n','Corinder leaf',NULL,'Corinder leaf','','Corinder leaf','','Corinder leaf','corinder-leaf',1,300),(15,'2021-06-25 15:29:26','2021-06-25 15:29:26',NULL,'<p>Corn, Indian Corn, Maize</p>\n','Corn, Indian Corn, Maize',NULL,'Corn, Indian Corn, Maize','','Corn, Indian Corn, Maize','','Corn, Indian Corn, Maize','corn-indian-corn-maize',1,350),(16,'2021-06-25 16:09:20','2021-06-25 16:09:20',NULL,'<p>Celery</p>\n','Celery',NULL,'Celery','','Celery','','Celery','celery',1,400),(18,'2021-06-25 18:25:42','2021-06-25 18:25:42',NULL,'<p>  Cluster Beans, French Beans</p>\n<p>  ,</p>\n<p>  Chilli, Red Chilli</p>\n','Cluster Beans, French Beans,Chilli, Red Chilli',NULL,'Cluster Beans, French Beans,Chilli, Red Chilli','','Cluster Beans, French Beans,Chilli, Red Chilli','','Cluster Beans, French Beans,Chilli, Red Chilli','cluster-beans-french-beans,chilli-red-chilli',1,500),(19,'2021-06-25 19:07:21','2021-06-25 19:07:21',NULL,'<p>Curry Leaf</p>\n','Curry Leaf',NULL,'Curry Leaf','','Curry Leaf','','Curry Leaf','curry-leaf',1,550),(27,'2021-06-27 16:55:11','2021-06-27 16:55:11',NULL,'<p>Mushroom</p>\n','Mushroom',NULL,'Mushroom','','Mushroom','','Mushroom','mushroom',1,850),(28,'2021-06-27 17:16:26','2021-06-27 17:16:26',NULL,'<p>Mustard greensMustard greens</p>\n','Mustard greens',NULL,'Mustard greens','','Mustard greens','','Mustard greens','mustard-greens',1,900);
/*!40000 ALTER TABLE `PRODUCT_DESCRIPTION` ENABLE KEYS */;
UNLOCK TABLES;

--
-- Table structure for table `PRODUCT_DIGITAL`
--

DROP TABLE IF EXISTS `PRODUCT_DIGITAL`;
/*!40101 SET @saved_cs_client     = @@character_set_client */;
/*!50503 SET character_set_client = utf8mb4 */;
CREATE TABLE `PRODUCT_DIGITAL` (
  `PRODUCT_DIGITAL_ID` bigint(20) NOT NULL,
  `FILE_NAME` varchar(255) NOT NULL,
  `PRODUCT_ID` bigint(20) NOT NULL,
  PRIMARY KEY (`PRODUCT_DIGITAL_ID`),
  UNIQUE KEY `UKjuk1qgkh9v5w7ghvb18krwo8v` (`PRODUCT_ID`,`FILE_NAME`),
  CONSTRAINT `FK47fmb5cg68pws7k26txyl1il6` FOREIGN KEY (`PRODUCT_ID`) REFERENCES `product` (`PRODUCT_ID`)
) ENGINE=InnoDB DEFAULT CHARSET=utf8mb4 ;
/*!40101 SET character_set_client = @saved_cs_client */;

--
-- Dumping data for table `PRODUCT_DIGITAL`
--

LOCK TABLES `PRODUCT_DIGITAL` WRITE;
/*!40000 ALTER TABLE `PRODUCT_DIGITAL` DISABLE KEYS */;
/*!40000 ALTER TABLE `PRODUCT_DIGITAL` ENABLE KEYS */;
UNLOCK TABLES;

--
-- Table structure for table `PRODUCT_IMAGE`
--

DROP TABLE IF EXISTS `PRODUCT_IMAGE`;
/*!40101 SET @saved_cs_client     = @@character_set_client */;
/*!50503 SET character_set_client = utf8mb4 */;
CREATE TABLE `PRODUCT_IMAGE` (
  `PRODUCT_IMAGE_ID` bigint(20) NOT NULL,
  `DEFAULT_IMAGE` bit(1) DEFAULT NULL,
  `IMAGE_CROP` bit(1) DEFAULT NULL,
  `IMAGE_TYPE` int(11) DEFAULT NULL,
  `PRODUCT_IMAGE` varchar(255) DEFAULT NULL,
  `PRODUCT_IMAGE_URL` varchar(255) DEFAULT NULL,
  `PRODUCT_ID` bigint(20) NOT NULL,
  PRIMARY KEY (`PRODUCT_IMAGE_ID`),
  KEY `FKgab836d8rxqg8vv55nm02r65i` (`PRODUCT_ID`),
  CONSTRAINT `FKgab836d8rxqg8vv55nm02r65i` FOREIGN KEY (`PRODUCT_ID`) REFERENCES `product` (`PRODUCT_ID`)
) ENGINE=InnoDB DEFAULT CHARSET=utf8mb4 ;
/*!40101 SET character_set_client = @saved_cs_client */;

--
-- Dumping data for table `PRODUCT_IMAGE`
--

LOCK TABLES `PRODUCT_IMAGE` WRITE;
/*!40000 ALTER TABLE `PRODUCT_IMAGE` DISABLE KEYS */;
INSERT INTO `PRODUCT_IMAGE` VALUES (1,_binary '',_binary '\0',0,'apple-500x500.jpeg','https://upload.pieinfosystems.com/upload/apple-500x5002.jpeg',1),(2,_binary '',_binary '\0',0,'broccoli.jpeg','https://upload.pieinfosystems.com/upload/broccoli.jpeg',2),(3,_binary '\0',_binary '\0',0,'broccoli2.jpeg','https://upload.pieinfosystems.com/upload/broccoli2.jpeg',2),(4,_binary '\0',_binary '\0',0,'broccoli3.jpeg','https://upload.pieinfosystems.com/upload/broccoli3.jpeg',2),(50,_binary '',_binary '\0',0,'alphonso-mangoes.jpeg',NULL,50),(52,_binary '',_binary '\0',0,'Apple Royal Gala.jpeg',NULL,51),(53,_binary '',_binary '\0',0,'apple washington.jpeg',NULL,52),(54,_binary '',_binary '\0',0,' Pomegranate.jpeg',NULL,53),(55,_binary '',_binary '\0',0,'apple greeen.jpeg',NULL,54),(100,_binary '',_binary '\0',0,'plums imported.jpeg',NULL,100),(150,_binary '',_binary '\0',0,'dragon_fruit_2.jpeg',NULL,150),(200,_binary '',_binary '\0',0,'beetroot.jpeg',NULL,200),(201,_binary '',_binary '\0',0,'Bitter-Gourd.jpeg',NULL,201),(202,_binary '',_binary '\0',0,'capsicum.jpeg',NULL,202),(250,_binary '',_binary '\0',0,'cauliflower.jpeg',NULL,250),(300,_binary '',_binary '\0',0,'Corinder-leaf.jpeg',NULL,300),(350,_binary '',_binary '\0',0,'corn.jpeg',NULL,350),(400,_binary '',_binary '\0',0,'celery.jpeg',NULL,400),(450,_binary '',_binary '\0',0,'curry-leaf1.jpeg',NULL,550),(500,_binary '',_binary '\0',0,'Mushroom.jpeg',NULL,850),(550,_binary '',_binary '\0',0,'Mustard-greens-Brassica-juncea.jpeg',NULL,900);
/*!40000 ALTER TABLE `PRODUCT_IMAGE` ENABLE KEYS */;
UNLOCK TABLES;

--
-- Table structure for table `PRODUCT_IMAGE_DESCRIPTION`
--

DROP TABLE IF EXISTS `PRODUCT_IMAGE_DESCRIPTION`;
/*!40101 SET @saved_cs_client     = @@character_set_client */;
/*!50503 SET character_set_client = utf8mb4 */;
CREATE TABLE `PRODUCT_IMAGE_DESCRIPTION` (
  `DESCRIPTION_ID` bigint(20) NOT NULL,
  `DATE_CREATED` datetime DEFAULT NULL,
  `DATE_MODIFIED` datetime DEFAULT NULL,
  `UPDT_ID` varchar(60) DEFAULT NULL,
  `DESCRIPTION` longtext,
  `NAME` varchar(120) NOT NULL,
  `TITLE` varchar(100) DEFAULT NULL,
  `ALT_TAG` varchar(100) DEFAULT NULL,
  `LANGUAGE_ID` int(11) NOT NULL,
  `PRODUCT_IMAGE_ID` bigint(20) NOT NULL,
  PRIMARY KEY (`DESCRIPTION_ID`),
  UNIQUE KEY `UKn7yhdj6ccydgf201gibb882cd` (`PRODUCT_IMAGE_ID`,`LANGUAGE_ID`),
  KEY `FKlhdnpki4sf98wev0pcj2bvnih` (`LANGUAGE_ID`),
  CONSTRAINT `FK1dhldo18nj9l2y6qympgucynq` FOREIGN KEY (`PRODUCT_IMAGE_ID`) REFERENCES `product_image` (`PRODUCT_IMAGE_ID`),
  CONSTRAINT `FKlhdnpki4sf98wev0pcj2bvnih` FOREIGN KEY (`LANGUAGE_ID`) REFERENCES `language` (`LANGUAGE_ID`)
) ENGINE=InnoDB DEFAULT CHARSET=utf8mb4 ;
/*!40101 SET character_set_client = @saved_cs_client */;

--
-- Dumping data for table `PRODUCT_IMAGE_DESCRIPTION`
--

LOCK TABLES `PRODUCT_IMAGE_DESCRIPTION` WRITE;
/*!40000 ALTER TABLE `PRODUCT_IMAGE_DESCRIPTION` DISABLE KEYS */;
INSERT INTO `PRODUCT_IMAGE_DESCRIPTION` VALUES (1,'2021-06-11 16:33:58','2021-06-11 16:33:58',NULL,NULL,'apple-500x500.jpeg',NULL,NULL,1,1),(2,'2021-06-11 16:40:01','2021-06-11 16:40:01',NULL,NULL,'broccoli.jpeg',NULL,NULL,1,2),(3,'2021-06-17 18:29:19','2021-06-17 18:29:19',NULL,NULL,'alphonso-mangoes.jpeg',NULL,NULL,1,50),(5,'2021-06-17 18:33:02','2021-06-17 18:33:02',NULL,NULL,'Apple Royal Gala.jpeg',NULL,NULL,1,52),(6,'2021-06-17 18:36:04','2021-06-17 18:36:04',NULL,NULL,'apple washington.jpeg',NULL,NULL,1,53),(7,'2021-06-17 18:40:45','2021-06-17 18:40:45',NULL,NULL,' Pomegranate.jpeg',NULL,NULL,1,54),(8,'2021-06-17 19:28:13','2021-06-17 19:28:13',NULL,NULL,'apple greeen.jpeg',NULL,NULL,1,55),(9,'2021-06-17 19:38:16','2021-06-17 19:38:16',NULL,NULL,'plums imported.jpeg',NULL,NULL,1,100),(10,'2021-06-23 16:11:24','2021-06-23 16:11:24',NULL,NULL,'dragon_fruit_2.jpeg',NULL,NULL,1,150),(11,'2021-06-23 21:36:06','2021-06-23 21:36:06',NULL,NULL,'beetroot.jpeg',NULL,NULL,1,200),(12,'2021-06-23 22:51:26','2021-06-23 22:51:26',NULL,NULL,'Bitter-Gourd.jpeg',NULL,NULL,1,201),(13,'2021-06-24 14:01:54','2021-06-24 14:01:54',NULL,NULL,'capsicum.jpeg',NULL,NULL,1,202),(14,'2021-06-24 14:56:13','2021-06-24 14:56:13',NULL,NULL,'cauliflower.jpeg',NULL,NULL,1,250),(15,'2021-06-25 14:24:23','2021-06-25 14:24:23',NULL,NULL,'Corinder-leaf.jpeg',NULL,NULL,1,300),(16,'2021-06-25 15:29:28','2021-06-25 15:29:28',NULL,NULL,'corn.jpeg',NULL,NULL,1,350),(17,'2021-06-25 16:09:21','2021-06-25 16:09:21',NULL,NULL,'celery.jpeg',NULL,NULL,1,400),(18,'2021-06-25 19:15:03','2021-06-25 19:15:03',NULL,NULL,'curry-leaf1.jpeg',NULL,NULL,1,450),(19,'2021-06-27 16:55:18','2021-06-27 16:55:18',NULL,NULL,'Mushroom.jpeg',NULL,NULL,1,500),(20,'2021-06-27 17:16:28','2021-06-27 17:16:28',NULL,NULL,'Mustard-greens-Brassica-juncea.jpeg',NULL,NULL,1,550);
/*!40000 ALTER TABLE `PRODUCT_IMAGE_DESCRIPTION` ENABLE KEYS */;
UNLOCK TABLES;

--
-- Table structure for table `PRODUCT_OPT_SET_OPT_VALUE`
--

DROP TABLE IF EXISTS `PRODUCT_OPT_SET_OPT_VALUE`;
/*!40101 SET @saved_cs_client     = @@character_set_client */;
/*!50503 SET character_set_client = utf8mb4 */;
CREATE TABLE `PRODUCT_OPT_SET_OPT_VALUE` (
  `ProductOptionSet_PRODUCT_OPTION_SET_ID` bigint(20) NOT NULL,
  `values_PRODUCT_OPTION_VALUE_ID` bigint(20) NOT NULL,
  KEY `FK9dwatblxwc64a5la3bb7qnwd8` (`values_PRODUCT_OPTION_VALUE_ID`),
  KEY `FK3u6iyag8x8w9tkt7sqcoibjq6` (`ProductOptionSet_PRODUCT_OPTION_SET_ID`),
  CONSTRAINT `FK3u6iyag8x8w9tkt7sqcoibjq6` FOREIGN KEY (`ProductOptionSet_PRODUCT_OPTION_SET_ID`) REFERENCES `product_option_set` (`PRODUCT_OPTION_SET_ID`),
  CONSTRAINT `FK9dwatblxwc64a5la3bb7qnwd8` FOREIGN KEY (`values_PRODUCT_OPTION_VALUE_ID`) REFERENCES `product_option_value` (`PRODUCT_OPTION_VALUE_ID`)
) ENGINE=InnoDB DEFAULT CHARSET=utf8mb4 ;
/*!40101 SET character_set_client = @saved_cs_client */;

--
-- Dumping data for table `PRODUCT_OPT_SET_OPT_VALUE`
--

LOCK TABLES `PRODUCT_OPT_SET_OPT_VALUE` WRITE;
/*!40000 ALTER TABLE `PRODUCT_OPT_SET_OPT_VALUE` DISABLE KEYS */;
/*!40000 ALTER TABLE `PRODUCT_OPT_SET_OPT_VALUE` ENABLE KEYS */;
UNLOCK TABLES;

--
-- Table structure for table `PRODUCT_OPT_SET_PRD_TYPE`
--

DROP TABLE IF EXISTS `PRODUCT_OPT_SET_PRD_TYPE`;
/*!40101 SET @saved_cs_client     = @@character_set_client */;
/*!50503 SET character_set_client = utf8mb4 */;
CREATE TABLE `PRODUCT_OPT_SET_PRD_TYPE` (
  `ProductOptionSet_PRODUCT_OPTION_SET_ID` bigint(20) NOT NULL,
  `productTypes_PRODUCT_TYPE_ID` bigint(20) NOT NULL,
  PRIMARY KEY (`ProductOptionSet_PRODUCT_OPTION_SET_ID`,`productTypes_PRODUCT_TYPE_ID`),
  KEY `FKiem30u1enm0p25i7t53jganf4` (`productTypes_PRODUCT_TYPE_ID`),
  CONSTRAINT `FK4655h91s0eiinonako9n4h9ha` FOREIGN KEY (`ProductOptionSet_PRODUCT_OPTION_SET_ID`) REFERENCES `product_option_set` (`PRODUCT_OPTION_SET_ID`),
  CONSTRAINT `FKiem30u1enm0p25i7t53jganf4` FOREIGN KEY (`productTypes_PRODUCT_TYPE_ID`) REFERENCES `product_type` (`PRODUCT_TYPE_ID`)
) ENGINE=InnoDB DEFAULT CHARSET=utf8mb4 ;
/*!40101 SET character_set_client = @saved_cs_client */;

--
-- Dumping data for table `PRODUCT_OPT_SET_PRD_TYPE`
--

LOCK TABLES `PRODUCT_OPT_SET_PRD_TYPE` WRITE;
/*!40000 ALTER TABLE `PRODUCT_OPT_SET_PRD_TYPE` DISABLE KEYS */;
/*!40000 ALTER TABLE `PRODUCT_OPT_SET_PRD_TYPE` ENABLE KEYS */;
UNLOCK TABLES;

--
-- Table structure for table `PRODUCT_OPTION`
--

DROP TABLE IF EXISTS `PRODUCT_OPTION`;
/*!40101 SET @saved_cs_client     = @@character_set_client */;
/*!50503 SET character_set_client = utf8mb4 */;
CREATE TABLE `PRODUCT_OPTION` (
  `PRODUCT_OPTION_ID` bigint(20) NOT NULL,
  `PRODUCT_OPTION_CODE` varchar(255) DEFAULT NULL,
  `PRODUCT_OPTION_SORT_ORD` int(11) DEFAULT NULL,
  `PRODUCT_OPTION_TYPE` varchar(10) DEFAULT NULL,
  `PRODUCT_OPTION_READ` bit(1) DEFAULT NULL,
  `MERCHANT_ID` int(11) NOT NULL,
  PRIMARY KEY (`PRODUCT_OPTION_ID`),
  UNIQUE KEY `UKhfcw5oi9ulljlog1b7ns1r9tu` (`MERCHANT_ID`,`PRODUCT_OPTION_CODE`),
  KEY `PRD_OPTION_CODE_IDX` (`PRODUCT_OPTION_CODE`),
  CONSTRAINT `FKp8cski5t5f5m4et4fw0uilcgu` FOREIGN KEY (`MERCHANT_ID`) REFERENCES `merchant_store` (`MERCHANT_ID`)
) ENGINE=InnoDB DEFAULT CHARSET=utf8mb4 ;
/*!40101 SET character_set_client = @saved_cs_client */;

--
-- Dumping data for table `PRODUCT_OPTION`
--

LOCK TABLES `PRODUCT_OPTION` WRITE;
/*!40000 ALTER TABLE `PRODUCT_OPTION` DISABLE KEYS */;
INSERT INTO `PRODUCT_OPTION` VALUES (1,'option',NULL,'select',_binary '\0',1),(2,'option_2',NULL,'text',_binary '\0',1);
/*!40000 ALTER TABLE `PRODUCT_OPTION` ENABLE KEYS */;
UNLOCK TABLES;

--
-- Table structure for table `PRODUCT_OPTION_DESC`
--

DROP TABLE IF EXISTS `PRODUCT_OPTION_DESC`;
/*!40101 SET @saved_cs_client     = @@character_set_client */;
/*!50503 SET character_set_client = utf8mb4 */;
CREATE TABLE `PRODUCT_OPTION_DESC` (
  `DESCRIPTION_ID` bigint(20) NOT NULL,
  `DATE_CREATED` datetime DEFAULT NULL,
  `DATE_MODIFIED` datetime DEFAULT NULL,
  `UPDT_ID` varchar(60) DEFAULT NULL,
  `DESCRIPTION` longtext,
  `NAME` varchar(120) NOT NULL,
  `TITLE` varchar(100) DEFAULT NULL,
  `PRODUCT_OPTION_COMMENT` varchar(4000) DEFAULT NULL,
  `LANGUAGE_ID` int(11) NOT NULL,
  `PRODUCT_OPTION_ID` bigint(20) NOT NULL,
  PRIMARY KEY (`DESCRIPTION_ID`),
  UNIQUE KEY `UKmkcm8isyyyqbjd1yyb8mrpkuw` (`PRODUCT_OPTION_ID`,`LANGUAGE_ID`),
  KEY `FK8fiwk5o1gbn2r2u8529yaf9xt` (`LANGUAGE_ID`),
  CONSTRAINT `FK8fiwk5o1gbn2r2u8529yaf9xt` FOREIGN KEY (`LANGUAGE_ID`) REFERENCES `language` (`LANGUAGE_ID`),
  CONSTRAINT `FKgjqmfofile4hwv867irsnvuc0` FOREIGN KEY (`PRODUCT_OPTION_ID`) REFERENCES `product_option` (`PRODUCT_OPTION_ID`)
) ENGINE=InnoDB DEFAULT CHARSET=utf8mb4 ;
/*!40101 SET character_set_client = @saved_cs_client */;

--
-- Dumping data for table `PRODUCT_OPTION_DESC`
--

LOCK TABLES `PRODUCT_OPTION_DESC` WRITE;
/*!40000 ALTER TABLE `PRODUCT_OPTION_DESC` DISABLE KEYS */;
INSERT INTO `PRODUCT_OPTION_DESC` VALUES (1,'2021-06-11 16:35:52','2021-06-11 16:35:52',NULL,NULL,'fruits',NULL,NULL,1,1),(2,'2021-06-11 16:36:57','2021-06-11 16:36:57',NULL,NULL,'Fruitss Option',NULL,NULL,1,2);
/*!40000 ALTER TABLE `PRODUCT_OPTION_DESC` ENABLE KEYS */;
UNLOCK TABLES;

--
-- Table structure for table `PRODUCT_OPTION_SET`
--

DROP TABLE IF EXISTS `PRODUCT_OPTION_SET`;
/*!40101 SET @saved_cs_client     = @@character_set_client */;
/*!50503 SET character_set_client = utf8mb4 */;
CREATE TABLE `PRODUCT_OPTION_SET` (
  `PRODUCT_OPTION_SET_ID` bigint(20) NOT NULL,
  `PRODUCT_OPTION_SET_CODE` varchar(255) DEFAULT NULL,
  `PRODUCT_OPTION_SET_DISP` bit(1) DEFAULT NULL,
  `PRODUCT_OPTION_ID` bigint(20) NOT NULL,
  `MERCHANT_ID` int(11) NOT NULL,
  PRIMARY KEY (`PRODUCT_OPTION_SET_ID`),
  UNIQUE KEY `UKk1qq8j685uj17bylgnkra1n5f` (`MERCHANT_ID`,`PRODUCT_OPTION_SET_CODE`),
  KEY `FK4njy17416fn86muojmtbav1d0` (`PRODUCT_OPTION_ID`),
  CONSTRAINT `FK4njy17416fn86muojmtbav1d0` FOREIGN KEY (`PRODUCT_OPTION_ID`) REFERENCES `product_option` (`PRODUCT_OPTION_ID`),
  CONSTRAINT `FK8d5vylmhvmckmframdehgwqau` FOREIGN KEY (`MERCHANT_ID`) REFERENCES `merchant_store` (`MERCHANT_ID`)
) ENGINE=InnoDB DEFAULT CHARSET=utf8mb4 ;
/*!40101 SET character_set_client = @saved_cs_client */;

--
-- Dumping data for table `PRODUCT_OPTION_SET`
--

LOCK TABLES `PRODUCT_OPTION_SET` WRITE;
/*!40000 ALTER TABLE `PRODUCT_OPTION_SET` DISABLE KEYS */;
/*!40000 ALTER TABLE `PRODUCT_OPTION_SET` ENABLE KEYS */;
UNLOCK TABLES;

--
-- Table structure for table `PRODUCT_OPTION_VALUE`
--

DROP TABLE IF EXISTS `PRODUCT_OPTION_VALUE`;
/*!40101 SET @saved_cs_client     = @@character_set_client */;
/*!50503 SET character_set_client = utf8mb4 */;
CREATE TABLE `PRODUCT_OPTION_VALUE` (
  `PRODUCT_OPTION_VALUE_ID` bigint(20) NOT NULL,
  `PRODUCT_OPTION_VAL_CODE` varchar(255) DEFAULT NULL,
  `PRODUCT_OPT_FOR_DISP` bit(1) DEFAULT NULL,
  `PRODUCT_OPT_VAL_IMAGE` varchar(255) DEFAULT NULL,
  `PRODUCT_OPT_VAL_SORT_ORD` int(11) DEFAULT NULL,
  `MERCHANT_ID` int(11) NOT NULL,
  PRIMARY KEY (`PRODUCT_OPTION_VALUE_ID`),
  UNIQUE KEY `UKixbpi4hxrhljh935c3xfvnvsh` (`MERCHANT_ID`,`PRODUCT_OPTION_VAL_CODE`),
  KEY `PRD_OPTION_VAL_CODE_IDX` (`PRODUCT_OPTION_VAL_CODE`),
  CONSTRAINT `FKnd3nw0mamlk8bkxo8ad5m85pq` FOREIGN KEY (`MERCHANT_ID`) REFERENCES `merchant_store` (`MERCHANT_ID`)
) ENGINE=InnoDB DEFAULT CHARSET=utf8mb4 ;
/*!40101 SET character_set_client = @saved_cs_client */;

--
-- Dumping data for table `PRODUCT_OPTION_VALUE`
--

LOCK TABLES `PRODUCT_OPTION_VALUE` WRITE;
/*!40000 ALTER TABLE `PRODUCT_OPTION_VALUE` DISABLE KEYS */;
INSERT INTO `PRODUCT_OPTION_VALUE` VALUES (1,'option_values',_binary '\0','',NULL,1);
/*!40000 ALTER TABLE `PRODUCT_OPTION_VALUE` ENABLE KEYS */;
UNLOCK TABLES;

--
-- Table structure for table `PRODUCT_OPTION_VALUE_DESCRIPTION`
--

DROP TABLE IF EXISTS `PRODUCT_OPTION_VALUE_DESCRIPTION`;
/*!40101 SET @saved_cs_client     = @@character_set_client */;
/*!50503 SET character_set_client = utf8mb4 */;
CREATE TABLE `PRODUCT_OPTION_VALUE_DESCRIPTION` (
  `DESCRIPTION_ID` bigint(20) NOT NULL,
  `DATE_CREATED` datetime DEFAULT NULL,
  `DATE_MODIFIED` datetime DEFAULT NULL,
  `UPDT_ID` varchar(60) DEFAULT NULL,
  `DESCRIPTION` longtext,
  `NAME` varchar(120) NOT NULL,
  `TITLE` varchar(100) DEFAULT NULL,
  `LANGUAGE_ID` int(11) NOT NULL,
  `PRODUCT_OPTION_VALUE_ID` bigint(20) DEFAULT NULL,
  PRIMARY KEY (`DESCRIPTION_ID`),
  UNIQUE KEY `UKasgc60ot1wy0uho96n0j8429p` (`PRODUCT_OPTION_VALUE_ID`,`LANGUAGE_ID`),
  KEY `FK19mnby7atlt85exlypxdxhacx` (`LANGUAGE_ID`),
  CONSTRAINT `FK19mnby7atlt85exlypxdxhacx` FOREIGN KEY (`LANGUAGE_ID`) REFERENCES `language` (`LANGUAGE_ID`),
  CONSTRAINT `FKqttc6b79yp2s1hyrhg4thag6s` FOREIGN KEY (`PRODUCT_OPTION_VALUE_ID`) REFERENCES `product_option_value` (`PRODUCT_OPTION_VALUE_ID`)
) ENGINE=InnoDB DEFAULT CHARSET=utf8mb4 ;
/*!40101 SET character_set_client = @saved_cs_client */;

--
-- Dumping data for table `PRODUCT_OPTION_VALUE_DESCRIPTION`
--

LOCK TABLES `PRODUCT_OPTION_VALUE_DESCRIPTION` WRITE;
/*!40000 ALTER TABLE `PRODUCT_OPTION_VALUE_DESCRIPTION` DISABLE KEYS */;
INSERT INTO `PRODUCT_OPTION_VALUE_DESCRIPTION` VALUES (1,'2021-06-11 16:36:31','2021-06-11 16:36:31',NULL,NULL,'fruits',NULL,1,1);
/*!40000 ALTER TABLE `PRODUCT_OPTION_VALUE_DESCRIPTION` ENABLE KEYS */;
UNLOCK TABLES;

--
-- Table structure for table `PRODUCT_PRICE`
--

DROP TABLE IF EXISTS `PRODUCT_PRICE`;
/*!40101 SET @saved_cs_client     = @@character_set_client */;
/*!50503 SET character_set_client = utf8mb4 */;
CREATE TABLE `PRODUCT_PRICE` (
  `PRODUCT_PRICE_ID` bigint(20) NOT NULL,
  `PRODUCT_PRICE_CODE` varchar(255) NOT NULL,
  `DEFAULT_PRICE` bit(1) DEFAULT NULL,
  `PRODUCT_PRICE_AMOUNT` decimal(19,2) NOT NULL,
  `PRODUCT_PRICE_SPECIAL_AMOUNT` decimal(19,2) DEFAULT NULL,
  `PRODUCT_PRICE_SPECIAL_END_DATE` date DEFAULT NULL,
  `PRODUCT_PRICE_SPECIAL_ST_DATE` date DEFAULT NULL,
  `PRODUCT_PRICE_TYPE` varchar(20) DEFAULT NULL,
  `PRODUCT_AVAIL_ID` bigint(20) NOT NULL,
  PRIMARY KEY (`PRODUCT_PRICE_ID`),
  KEY `FK1dic7jnnk1qikgvwcrf4dw12r` (`PRODUCT_AVAIL_ID`),
  CONSTRAINT `FK1dic7jnnk1qikgvwcrf4dw12r` FOREIGN KEY (`PRODUCT_AVAIL_ID`) REFERENCES `product_availability` (`PRODUCT_AVAIL_ID`)
) ENGINE=InnoDB DEFAULT CHARSET=utf8mb4 ;
/*!40101 SET character_set_client = @saved_cs_client */;

--
-- Dumping data for table `PRODUCT_PRICE`
--

LOCK TABLES `PRODUCT_PRICE` WRITE;
/*!40000 ALTER TABLE `PRODUCT_PRICE` DISABLE KEYS */;
INSERT INTO `PRODUCT_PRICE` VALUES (1,'base',_binary '',300.00,NULL,NULL,NULL,'ONE_TIME',1),(2,'base',_binary '',150.00,NULL,NULL,NULL,'ONE_TIME',2),(50,'base',_binary '',200.00,NULL,NULL,NULL,'ONE_TIME',50),(51,'base',_binary '',250.00,NULL,NULL,NULL,'ONE_TIME',51),(52,'base',_binary '',350.00,NULL,NULL,NULL,'ONE_TIME',52),(53,'base',_binary '',150.00,NULL,NULL,NULL,'ONE_TIME',53),(54,'base',_binary '',220.00,NULL,NULL,NULL,'ONE_TIME',54),(100,'base',_binary '',230.00,NULL,NULL,NULL,'ONE_TIME',100),(150,'base',_binary '',300.00,NULL,NULL,NULL,'ONE_TIME',150),(200,'base',_binary '',50.00,NULL,NULL,NULL,'ONE_TIME',200),(201,'base',_binary '',35.00,NULL,NULL,NULL,'ONE_TIME',201),(202,'base',_binary '',80.00,NULL,NULL,NULL,'ONE_TIME',202),(250,'base',_binary '',50.00,NULL,NULL,NULL,'ONE_TIME',250),(300,'base',_binary '',20.00,NULL,NULL,NULL,'ONE_TIME',300),(350,'base',_binary '',60.00,NULL,NULL,NULL,'ONE_TIME',350),(400,'base',_binary '',35.00,NULL,NULL,NULL,'ONE_TIME',400),(500,'base',_binary '',30.00,NULL,NULL,NULL,'ONE_TIME',500),(550,'base',_binary '',40.00,NULL,NULL,NULL,'ONE_TIME',550),(850,'base',_binary '',180.00,NULL,NULL,NULL,'ONE_TIME',850),(900,'base',_binary '',30.00,NULL,NULL,NULL,'ONE_TIME',900);
/*!40000 ALTER TABLE `PRODUCT_PRICE` ENABLE KEYS */;
UNLOCK TABLES;

--
-- Table structure for table `PRODUCT_PRICE_DESCRIPTION`
--

DROP TABLE IF EXISTS `PRODUCT_PRICE_DESCRIPTION`;
/*!40101 SET @saved_cs_client     = @@character_set_client */;
/*!50503 SET character_set_client = utf8mb4 */;
CREATE TABLE `PRODUCT_PRICE_DESCRIPTION` (
  `DESCRIPTION_ID` bigint(20) NOT NULL,
  `DATE_CREATED` datetime DEFAULT NULL,
  `DATE_MODIFIED` datetime DEFAULT NULL,
  `UPDT_ID` varchar(60) DEFAULT NULL,
  `DESCRIPTION` longtext,
  `NAME` varchar(120) NOT NULL,
  `TITLE` varchar(100) DEFAULT NULL,
  `PRICE_APPENDER` varchar(255) DEFAULT NULL,
  `LANGUAGE_ID` int(11) NOT NULL,
  `PRODUCT_PRICE_ID` bigint(20) NOT NULL,
  PRIMARY KEY (`DESCRIPTION_ID`),
  UNIQUE KEY `UKfrsw8d41sxxogvxxoyd8nwaxu` (`PRODUCT_PRICE_ID`,`LANGUAGE_ID`),
  KEY `FK7bmbrjr8ar5icwdpt8myj6gei` (`LANGUAGE_ID`),
  CONSTRAINT `FK7bmbrjr8ar5icwdpt8myj6gei` FOREIGN KEY (`LANGUAGE_ID`) REFERENCES `language` (`LANGUAGE_ID`),
  CONSTRAINT `FKbwxw861ipjsct606j3dagdjsf` FOREIGN KEY (`PRODUCT_PRICE_ID`) REFERENCES `product_price` (`PRODUCT_PRICE_ID`)
) ENGINE=InnoDB DEFAULT CHARSET=utf8mb4 ;
/*!40101 SET character_set_client = @saved_cs_client */;

--
-- Dumping data for table `PRODUCT_PRICE_DESCRIPTION`
--

LOCK TABLES `PRODUCT_PRICE_DESCRIPTION` WRITE;
/*!40000 ALTER TABLE `PRODUCT_PRICE_DESCRIPTION` DISABLE KEYS */;
INSERT INTO `PRODUCT_PRICE_DESCRIPTION` VALUES (1,'2021-06-11 16:33:57','2021-06-11 16:33:57',NULL,NULL,'DEFAULT',NULL,NULL,1,1),(2,'2021-06-11 16:40:01','2021-06-11 16:40:01',NULL,NULL,'DEFAULT',NULL,NULL,1,2),(3,'2021-06-17 18:29:18','2021-06-17 18:29:18',NULL,NULL,'DEFAULT',NULL,NULL,1,50),(4,'2021-06-17 18:31:41','2021-06-17 18:31:41',NULL,NULL,'DEFAULT',NULL,NULL,1,51),(5,'2021-06-17 18:36:04','2021-06-17 18:36:04',NULL,NULL,'DEFAULT',NULL,NULL,1,52),(6,'2021-06-17 18:40:45','2021-06-17 18:40:45',NULL,NULL,'DEFAULT',NULL,NULL,1,53),(7,'2021-06-17 19:28:09','2021-06-17 19:28:09',NULL,NULL,'DEFAULT',NULL,NULL,1,54),(8,'2021-06-17 19:38:13','2021-06-17 19:38:13',NULL,NULL,'DEFAULT',NULL,NULL,1,100),(9,'2021-06-23 16:11:23','2021-06-23 16:11:23',NULL,NULL,'DEFAULT',NULL,NULL,1,150),(10,'2021-06-23 21:36:06','2021-06-23 21:36:06',NULL,NULL,'DEFAULT',NULL,NULL,1,200),(11,'2021-06-23 21:45:40','2021-06-23 21:45:40',NULL,NULL,'DEFAULT',NULL,NULL,1,201),(12,'2021-06-24 13:53:55','2021-06-24 13:53:55',NULL,NULL,'DEFAULT',NULL,NULL,1,202),(13,'2021-06-24 14:31:54','2021-06-24 14:31:54',NULL,NULL,'DEFAULT',NULL,NULL,1,250),(14,'2021-06-25 14:24:22','2021-06-25 14:24:22',NULL,NULL,'DEFAULT',NULL,NULL,1,300),(15,'2021-06-25 15:29:26','2021-06-25 15:29:26',NULL,NULL,'DEFAULT',NULL,NULL,1,350),(16,'2021-06-25 16:09:20','2021-06-25 16:09:20',NULL,NULL,'DEFAULT',NULL,NULL,1,400),(18,'2021-06-25 18:25:42','2021-06-25 18:25:42',NULL,NULL,'DEFAULT',NULL,NULL,1,500),(19,'2021-06-25 19:07:21','2021-06-25 19:07:21',NULL,NULL,'DEFAULT',NULL,NULL,1,550),(27,'2021-06-27 16:55:11','2021-06-27 16:55:11',NULL,NULL,'DEFAULT',NULL,NULL,1,850),(28,'2021-06-27 17:16:26','2021-06-27 17:16:26',NULL,NULL,'DEFAULT',NULL,NULL,1,900);
/*!40000 ALTER TABLE `PRODUCT_PRICE_DESCRIPTION` ENABLE KEYS */;
UNLOCK TABLES;

--
-- Table structure for table `PRODUCT_RELATIONSHIP`
--

DROP TABLE IF EXISTS `PRODUCT_RELATIONSHIP`;
/*!40101 SET @saved_cs_client     = @@character_set_client */;
/*!50503 SET character_set_client = utf8mb4 */;
CREATE TABLE `PRODUCT_RELATIONSHIP` (
  `PRODUCT_RELATIONSHIP_ID` bigint(20) NOT NULL,
  `ACTIVE` bit(1) DEFAULT NULL,
  `CODE` varchar(255) DEFAULT NULL,
  `PRODUCT_ID` bigint(20) DEFAULT NULL,
  `RELATED_PRODUCT_ID` bigint(20) DEFAULT NULL,
  `MERCHANT_ID` int(11) NOT NULL,
  PRIMARY KEY (`PRODUCT_RELATIONSHIP_ID`),
  KEY `FKso3cvinykac5wdwu1tjgfotor` (`PRODUCT_ID`),
  KEY `FKfskwtawyt85g9h6761fa69ya5` (`RELATED_PRODUCT_ID`),
  KEY `FKnprvswtbgrm6bjfq3cbdl3qsm` (`MERCHANT_ID`),
  CONSTRAINT `FKfskwtawyt85g9h6761fa69ya5` FOREIGN KEY (`RELATED_PRODUCT_ID`) REFERENCES `product` (`PRODUCT_ID`),
  CONSTRAINT `FKnprvswtbgrm6bjfq3cbdl3qsm` FOREIGN KEY (`MERCHANT_ID`) REFERENCES `merchant_store` (`MERCHANT_ID`),
  CONSTRAINT `FKso3cvinykac5wdwu1tjgfotor` FOREIGN KEY (`PRODUCT_ID`) REFERENCES `product` (`PRODUCT_ID`)
) ENGINE=InnoDB DEFAULT CHARSET=utf8mb4 ;
/*!40101 SET character_set_client = @saved_cs_client */;

--
-- Dumping data for table `PRODUCT_RELATIONSHIP`
--

LOCK TABLES `PRODUCT_RELATIONSHIP` WRITE;
/*!40000 ALTER TABLE `PRODUCT_RELATIONSHIP` DISABLE KEYS */;
/*!40000 ALTER TABLE `PRODUCT_RELATIONSHIP` ENABLE KEYS */;
UNLOCK TABLES;

--
-- Table structure for table `PRODUCT_REVIEW`
--

DROP TABLE IF EXISTS `PRODUCT_REVIEW`;
/*!40101 SET @saved_cs_client     = @@character_set_client */;
/*!50503 SET character_set_client = utf8mb4 */;
CREATE TABLE `PRODUCT_REVIEW` (
  `PRODUCT_REVIEW_ID` bigint(20) NOT NULL,
  `DATE_CREATED` datetime DEFAULT NULL,
  `DATE_MODIFIED` datetime DEFAULT NULL,
  `UPDT_ID` varchar(60) DEFAULT NULL,
  `REVIEW_DATE` datetime DEFAULT NULL,
  `REVIEWS_RATING` double DEFAULT NULL,
  `REVIEWS_READ` bigint(20) DEFAULT NULL,
  `STATUS` int(11) DEFAULT NULL,
  `CUSTOMERS_ID` bigint(20) DEFAULT NULL,
  `PRODUCT_ID` bigint(20) DEFAULT NULL,
  PRIMARY KEY (`PRODUCT_REVIEW_ID`),
  UNIQUE KEY `UK9ew5idgdbk8a77534hbnhd4yb` (`CUSTOMERS_ID`,`PRODUCT_ID`),
  KEY `FKbfi8de7kxultg1vevq6jc1hn7` (`PRODUCT_ID`),
  CONSTRAINT `FK7tm0jrt0hiugo3ep49t3subou` FOREIGN KEY (`CUSTOMERS_ID`) REFERENCES `customer` (`CUSTOMER_ID`),
  CONSTRAINT `FKbfi8de7kxultg1vevq6jc1hn7` FOREIGN KEY (`PRODUCT_ID`) REFERENCES `product` (`PRODUCT_ID`)
) ENGINE=InnoDB DEFAULT CHARSET=utf8mb4 ;
/*!40101 SET character_set_client = @saved_cs_client */;

--
-- Dumping data for table `PRODUCT_REVIEW`
--

LOCK TABLES `PRODUCT_REVIEW` WRITE;
/*!40000 ALTER TABLE `PRODUCT_REVIEW` DISABLE KEYS */;
/*!40000 ALTER TABLE `PRODUCT_REVIEW` ENABLE KEYS */;
UNLOCK TABLES;

--
-- Table structure for table `PRODUCT_REVIEW_DESCRIPTION`
--

DROP TABLE IF EXISTS `PRODUCT_REVIEW_DESCRIPTION`;
/*!40101 SET @saved_cs_client     = @@character_set_client */;
/*!50503 SET character_set_client = utf8mb4 */;
CREATE TABLE `PRODUCT_REVIEW_DESCRIPTION` (
  `DESCRIPTION_ID` bigint(20) NOT NULL,
  `DATE_CREATED` datetime DEFAULT NULL,
  `DATE_MODIFIED` datetime DEFAULT NULL,
  `UPDT_ID` varchar(60) DEFAULT NULL,
  `DESCRIPTION` longtext,
  `NAME` varchar(120) NOT NULL,
  `TITLE` varchar(100) DEFAULT NULL,
  `LANGUAGE_ID` int(11) NOT NULL,
  `PRODUCT_REVIEW_ID` bigint(20) DEFAULT NULL,
  PRIMARY KEY (`DESCRIPTION_ID`),
  UNIQUE KEY `UKqno5wjdtcj8pm3ykkkh7t4rxj` (`PRODUCT_REVIEW_ID`,`LANGUAGE_ID`),
  KEY `FK7byc5jsf5bm4lk674ac44e50m` (`LANGUAGE_ID`),
  CONSTRAINT `FK7byc5jsf5bm4lk674ac44e50m` FOREIGN KEY (`LANGUAGE_ID`) REFERENCES `language` (`LANGUAGE_ID`),
  CONSTRAINT `FKmjivhigdcxmytndlpjuhf4o25` FOREIGN KEY (`PRODUCT_REVIEW_ID`) REFERENCES `product_review` (`PRODUCT_REVIEW_ID`)
) ENGINE=InnoDB DEFAULT CHARSET=utf8mb4 ;
/*!40101 SET character_set_client = @saved_cs_client */;

--
-- Dumping data for table `PRODUCT_REVIEW_DESCRIPTION`
--

LOCK TABLES `PRODUCT_REVIEW_DESCRIPTION` WRITE;
/*!40000 ALTER TABLE `PRODUCT_REVIEW_DESCRIPTION` DISABLE KEYS */;
/*!40000 ALTER TABLE `PRODUCT_REVIEW_DESCRIPTION` ENABLE KEYS */;
UNLOCK TABLES;

--
-- Table structure for table `PRODUCT_TYPE`
--

DROP TABLE IF EXISTS `PRODUCT_TYPE`;
/*!40101 SET @saved_cs_client     = @@character_set_client */;
/*!50503 SET character_set_client = utf8mb4 */;
CREATE TABLE `PRODUCT_TYPE` (
  `PRODUCT_TYPE_ID` bigint(20) NOT NULL,
  `PRD_TYPE_ADD_TO_CART` bit(1) DEFAULT NULL,
  `DATE_CREATED` datetime DEFAULT NULL,
  `DATE_MODIFIED` datetime DEFAULT NULL,
  `UPDT_ID` varchar(60) DEFAULT NULL,
  `PRD_TYPE_CODE` varchar(255) DEFAULT NULL,
  `PRD_TYPE_VISIBLE` bit(1) DEFAULT NULL,
  `MERCHANT_ID` int(11) DEFAULT NULL,
  PRIMARY KEY (`PRODUCT_TYPE_ID`),
  KEY `FKswkvtaq4om2di6x8cd4m22ofn` (`MERCHANT_ID`),
  CONSTRAINT `FKswkvtaq4om2di6x8cd4m22ofn` FOREIGN KEY (`MERCHANT_ID`) REFERENCES `merchant_store` (`MERCHANT_ID`)
) ENGINE=InnoDB DEFAULT CHARSET=utf8mb4 ;
/*!40101 SET character_set_client = @saved_cs_client */;

--
-- Dumping data for table `PRODUCT_TYPE`
--

LOCK TABLES `PRODUCT_TYPE` WRITE;
/*!40000 ALTER TABLE `PRODUCT_TYPE` DISABLE KEYS */;
INSERT INTO `PRODUCT_TYPE` VALUES (1,NULL,'2021-06-11 15:22:30','2021-06-11 15:22:30',NULL,'GENERAL',NULL,NULL);
/*!40000 ALTER TABLE `PRODUCT_TYPE` ENABLE KEYS */;
UNLOCK TABLES;

--
-- Table structure for table `PRODUCT_TYPE_DESCRIPTION`
--

DROP TABLE IF EXISTS `PRODUCT_TYPE_DESCRIPTION`;
/*!40101 SET @saved_cs_client     = @@character_set_client */;
/*!50503 SET character_set_client = utf8mb4 */;
CREATE TABLE `PRODUCT_TYPE_DESCRIPTION` (
  `DESCRIPTION_ID` bigint(20) NOT NULL,
  `DATE_CREATED` datetime DEFAULT NULL,
  `DATE_MODIFIED` datetime DEFAULT NULL,
  `UPDT_ID` varchar(60) DEFAULT NULL,
  `DESCRIPTION` longtext,
  `NAME` varchar(120) NOT NULL,
  `TITLE` varchar(100) DEFAULT NULL,
  `LANGUAGE_ID` int(11) NOT NULL,
  `PRODUCT_TYPE_ID` bigint(20) NOT NULL,
  PRIMARY KEY (`DESCRIPTION_ID`),
  UNIQUE KEY `UKbnra4lwqjkju4yh04824sw6be` (`PRODUCT_TYPE_ID`,`LANGUAGE_ID`),
  KEY `FK81q74whco5y9fd51aa330hlc0` (`LANGUAGE_ID`),
  CONSTRAINT `FK81q74whco5y9fd51aa330hlc0` FOREIGN KEY (`LANGUAGE_ID`) REFERENCES `language` (`LANGUAGE_ID`),
  CONSTRAINT `FKpwc89ulk7c9asbp2nfy2t4x2j` FOREIGN KEY (`PRODUCT_TYPE_ID`) REFERENCES `product_type` (`PRODUCT_TYPE_ID`)
) ENGINE=InnoDB DEFAULT CHARSET=utf8mb4 ;
/*!40101 SET character_set_client = @saved_cs_client */;

--
-- Dumping data for table `PRODUCT_TYPE_DESCRIPTION`
--

LOCK TABLES `PRODUCT_TYPE_DESCRIPTION` WRITE;
/*!40000 ALTER TABLE `PRODUCT_TYPE_DESCRIPTION` DISABLE KEYS */;
/*!40000 ALTER TABLE `PRODUCT_TYPE_DESCRIPTION` ENABLE KEYS */;
UNLOCK TABLES;

--
-- Table structure for table `PRODUCT_VAR_IMAGE`
--

DROP TABLE IF EXISTS `PRODUCT_VAR_IMAGE`;
/*!40101 SET @saved_cs_client     = @@character_set_client */;
/*!50503 SET character_set_client = utf8mb4 */;
CREATE TABLE `PRODUCT_VAR_IMAGE` (
  `PRODUCT_VAR_IMAGE_ID` bigint(20) NOT NULL,
  `DEFAULT_IMAGE` bit(1) DEFAULT NULL,
  `PRODUCT_IMAGE` varchar(255) DEFAULT NULL,
  `PRODUCT_AVAIL_ID` bigint(20) NOT NULL,
  PRIMARY KEY (`PRODUCT_VAR_IMAGE_ID`),
  KEY `FKggbbys5mewflr88rsos56yc2k` (`PRODUCT_AVAIL_ID`),
  CONSTRAINT `FKggbbys5mewflr88rsos56yc2k` FOREIGN KEY (`PRODUCT_AVAIL_ID`) REFERENCES `product_availability` (`PRODUCT_AVAIL_ID`)
) ENGINE=InnoDB DEFAULT CHARSET=utf8mb4 ;
/*!40101 SET character_set_client = @saved_cs_client */;

--
-- Dumping data for table `PRODUCT_VAR_IMAGE`
--

LOCK TABLES `PRODUCT_VAR_IMAGE` WRITE;
/*!40000 ALTER TABLE `PRODUCT_VAR_IMAGE` DISABLE KEYS */;
/*!40000 ALTER TABLE `PRODUCT_VAR_IMAGE` ENABLE KEYS */;
UNLOCK TABLES;

--
-- Table structure for table `PRODUCT_VARIANT`
--

DROP TABLE IF EXISTS `PRODUCT_VARIANT`;
/*!40101 SET @saved_cs_client     = @@character_set_client */;
/*!50503 SET character_set_client = utf8mb4 */;
CREATE TABLE `PRODUCT_VARIANT` (
  `PRODUCT_VARIANT_ID` bigint(20) NOT NULL,
  `DATE_CREATED` datetime DEFAULT NULL,
  `DATE_MODIFIED` datetime DEFAULT NULL,
  `UPDT_ID` varchar(60) DEFAULT NULL,
  `PRODUCT_AQUANTITY` int(11) DEFAULT NULL,
  `PRODUCT_ATTRIBUTE_ID` bigint(20) NOT NULL,
  PRIMARY KEY (`PRODUCT_VARIANT_ID`),
  KEY `FKb1p1mgaa76xdqmx029cabgc1s` (`PRODUCT_ATTRIBUTE_ID`),
  CONSTRAINT `FKb1p1mgaa76xdqmx029cabgc1s` FOREIGN KEY (`PRODUCT_ATTRIBUTE_ID`) REFERENCES `product_attribute` (`PRODUCT_ATTRIBUTE_ID`)
) ENGINE=InnoDB DEFAULT CHARSET=utf8mb4 ;
/*!40101 SET character_set_client = @saved_cs_client */;

--
-- Dumping data for table `PRODUCT_VARIANT`
--

LOCK TABLES `PRODUCT_VARIANT` WRITE;
/*!40000 ALTER TABLE `PRODUCT_VARIANT` DISABLE KEYS */;
/*!40000 ALTER TABLE `PRODUCT_VARIANT` ENABLE KEYS */;
UNLOCK TABLES;

--
-- Table structure for table `PRODUCT_VARIATION`
--

DROP TABLE IF EXISTS `PRODUCT_VARIATION`;
/*!40101 SET @saved_cs_client     = @@character_set_client */;
/*!50503 SET character_set_client = utf8mb4 */;
CREATE TABLE `PRODUCT_VARIATION` (
  `PRODUCT_VARIANTION_ID` bigint(20) NOT NULL,
  `DATE_CREATED` datetime DEFAULT NULL,
  `DATE_MODIFIED` datetime DEFAULT NULL,
  `UPDT_ID` varchar(60) DEFAULT NULL,
  `CODE` varchar(100) NOT NULL,
  `MERCHANT_ID` int(11) NOT NULL,
  `PRODUCT_OPTION_ID` bigint(20) NOT NULL,
  `OPTION_VALUE_ID` bigint(20) NOT NULL,
  PRIMARY KEY (`PRODUCT_VARIANTION_ID`),
  UNIQUE KEY `UKi8sa74fv4io0sigmgvqxypp0d` (`MERCHANT_ID`,`PRODUCT_OPTION_ID`,`OPTION_VALUE_ID`),
  KEY `FK5jr2rc6t2p27nwdo5eqwa7658` (`PRODUCT_OPTION_ID`),
  KEY `FKy6gamyvrpds502pdcqq4voyg` (`OPTION_VALUE_ID`),
  CONSTRAINT `FK5jr2rc6t2p27nwdo5eqwa7658` FOREIGN KEY (`PRODUCT_OPTION_ID`) REFERENCES `product_option` (`PRODUCT_OPTION_ID`),
  CONSTRAINT `FKqlm3c2178neue84l5kx51ovoq` FOREIGN KEY (`MERCHANT_ID`) REFERENCES `merchant_store` (`MERCHANT_ID`),
  CONSTRAINT `FKy6gamyvrpds502pdcqq4voyg` FOREIGN KEY (`OPTION_VALUE_ID`) REFERENCES `product_option_value` (`PRODUCT_OPTION_VALUE_ID`)
) ENGINE=InnoDB DEFAULT CHARSET=utf8mb4 ;
/*!40101 SET character_set_client = @saved_cs_client */;

--
-- Dumping data for table `PRODUCT_VARIATION`
--

LOCK TABLES `PRODUCT_VARIATION` WRITE;
/*!40000 ALTER TABLE `PRODUCT_VARIATION` DISABLE KEYS */;
/*!40000 ALTER TABLE `PRODUCT_VARIATION` ENABLE KEYS */;
UNLOCK TABLES;

--
-- Table structure for table `SHIPING_ORIGIN`
--

DROP TABLE IF EXISTS `SHIPING_ORIGIN`;
/*!40101 SET @saved_cs_client     = @@character_set_client */;
/*!50503 SET character_set_client = utf8mb4 */;
CREATE TABLE `SHIPING_ORIGIN` (
  `SHIP_ORIGIN_ID` bigint(20) NOT NULL,
  `ACTIVE` bit(1) DEFAULT NULL,
  `STREET_ADDRESS` varchar(256) DEFAULT NULL,
  `CITY` varchar(100) DEFAULT NULL,
  `POSTCODE` varchar(20) DEFAULT NULL,
  `STATE` varchar(100) DEFAULT NULL,
  `COUNTRY_ID` int(11) DEFAULT NULL,
  `MERCHANT_ID` int(11) NOT NULL,
  `ZONE_ID` bigint(20) DEFAULT NULL,
  PRIMARY KEY (`SHIP_ORIGIN_ID`),
  KEY `FKpqig59usqvs9h0dw4lm8rv7yy` (`COUNTRY_ID`),
  KEY `FKp0dbwsv3sdsp57ex7j5k9b0oq` (`MERCHANT_ID`),
  KEY `FK6k73f1n18kr7mqp708aiwq047` (`ZONE_ID`),
  CONSTRAINT `FK6k73f1n18kr7mqp708aiwq047` FOREIGN KEY (`ZONE_ID`) REFERENCES `zone` (`ZONE_ID`),
  CONSTRAINT `FKp0dbwsv3sdsp57ex7j5k9b0oq` FOREIGN KEY (`MERCHANT_ID`) REFERENCES `merchant_store` (`MERCHANT_ID`),
  CONSTRAINT `FKpqig59usqvs9h0dw4lm8rv7yy` FOREIGN KEY (`COUNTRY_ID`) REFERENCES `country` (`COUNTRY_ID`)
) ENGINE=InnoDB DEFAULT CHARSET=utf8mb4 ;
/*!40101 SET character_set_client = @saved_cs_client */;

--
-- Dumping data for table `SHIPING_ORIGIN`
--

LOCK TABLES `SHIPING_ORIGIN` WRITE;
/*!40000 ALTER TABLE `SHIPING_ORIGIN` DISABLE KEYS */;
/*!40000 ALTER TABLE `SHIPING_ORIGIN` ENABLE KEYS */;
UNLOCK TABLES;

--
-- Table structure for table `SHIPPING_QUOTE`
--

DROP TABLE IF EXISTS `SHIPPING_QUOTE`;
/*!40101 SET @saved_cs_client     = @@character_set_client */;
/*!50503 SET character_set_client = utf8mb4 */;
CREATE TABLE `SHIPPING_QUOTE` (
  `SHIPPING_QUOTE_ID` bigint(20) NOT NULL,
  `CART_ID` bigint(20) DEFAULT NULL,
  `CUSTOMER_ID` bigint(20) DEFAULT NULL,
  `DELIVERY_STREET_ADDRESS` varchar(256) DEFAULT NULL,
  `DELIVERY_CITY` varchar(100) DEFAULT NULL,
  `DELIVERY_COMPANY` varchar(100) DEFAULT NULL,
  `DELIVERY_FIRST_NAME` varchar(64) DEFAULT NULL,
  `DELIVERY_LAST_NAME` varchar(64) DEFAULT NULL,
  `DELIVERY_POSTCODE` varchar(20) DEFAULT NULL,
  `DELIVERY_STATE` varchar(100) DEFAULT NULL,
  `DELIVERY_TELEPHONE` varchar(32) DEFAULT NULL,
  `SHIPPING_NUMBER_DAYS` int(11) DEFAULT NULL,
  `FREE_SHIPPING` bit(1) DEFAULT NULL,
  `QUOTE_HANDLING` decimal(19,2) DEFAULT NULL,
  `IP_ADDRESS` varchar(255) DEFAULT NULL,
  `MODULE` varchar(255) NOT NULL,
  `OPTION_CODE` varchar(255) DEFAULT NULL,
  `OPTION_DELIVERY_DATE` datetime DEFAULT NULL,
  `OPTION_NAME` varchar(255) DEFAULT NULL,
  `OPTION_SHIPPING_DATE` datetime DEFAULT NULL,
  `ORDER_ID` bigint(20) DEFAULT NULL,
  `QUOTE_PRICE` decimal(19,2) DEFAULT NULL,
  `QUOTE_DATE` datetime DEFAULT NULL,
  `DELIVERY_COUNTRY_ID` int(11) DEFAULT NULL,
  `DELIVERY_ZONE_ID` bigint(20) DEFAULT NULL,
  PRIMARY KEY (`SHIPPING_QUOTE_ID`),
  KEY `FK9vb7tbjl8ivygdiqw883fewx7` (`DELIVERY_COUNTRY_ID`),
  KEY `FKiioesp0vl6x4om1jeajj4uy1t` (`DELIVERY_ZONE_ID`),
  CONSTRAINT `FK9vb7tbjl8ivygdiqw883fewx7` FOREIGN KEY (`DELIVERY_COUNTRY_ID`) REFERENCES `country` (`COUNTRY_ID`),
  CONSTRAINT `FKiioesp0vl6x4om1jeajj4uy1t` FOREIGN KEY (`DELIVERY_ZONE_ID`) REFERENCES `zone` (`ZONE_ID`)
) ENGINE=InnoDB DEFAULT CHARSET=utf8mb4 ;
/*!40101 SET character_set_client = @saved_cs_client */;

--
-- Dumping data for table `SHIPPING_QUOTE`
--

LOCK TABLES `SHIPPING_QUOTE` WRITE;
/*!40000 ALTER TABLE `SHIPPING_QUOTE` DISABLE KEYS */;
/*!40000 ALTER TABLE `SHIPPING_QUOTE` ENABLE KEYS */;
UNLOCK TABLES;

--
-- Table structure for table `SHOPPING_CART`
--

DROP TABLE IF EXISTS `SHOPPING_CART`;
/*!40101 SET @saved_cs_client     = @@character_set_client */;
/*!50503 SET character_set_client = utf8mb4 */;
CREATE TABLE `SHOPPING_CART` (
  `SHP_CART_ID` bigint(20) NOT NULL,
  `DATE_CREATED` datetime DEFAULT NULL,
  `DATE_MODIFIED` datetime DEFAULT NULL,
  `UPDT_ID` varchar(60) DEFAULT NULL,
  `CUSTOMER_ID` bigint(20) DEFAULT NULL,
  `IP_ADDRESS` varchar(255) DEFAULT NULL,
  `ORDER_ID` bigint(20) DEFAULT NULL,
  `PROMO_ADDED` datetime DEFAULT NULL,
  `PROMO_CODE` varchar(255) DEFAULT NULL,
  `SHP_CART_CODE` varchar(255) NOT NULL,
  `MERCHANT_ID` int(11) NOT NULL,
  PRIMARY KEY (`SHP_CART_ID`),
  UNIQUE KEY `UK_8ld8p40fwrjobi7t3n95pna35` (`SHP_CART_CODE`),
  KEY `SHP_CART_CODE_IDX` (`SHP_CART_CODE`),
  KEY `SHP_CART_CUSTOMER_IDX` (`CUSTOMER_ID`),
  KEY `FKqvghr5rmjefe3lw9mcolk30a0` (`MERCHANT_ID`),
  CONSTRAINT `FKqvghr5rmjefe3lw9mcolk30a0` FOREIGN KEY (`MERCHANT_ID`) REFERENCES `merchant_store` (`MERCHANT_ID`)
) ENGINE=InnoDB DEFAULT CHARSET=utf8mb4 ;
/*!40101 SET character_set_client = @saved_cs_client */;

--
-- Dumping data for table `SHOPPING_CART`
--

LOCK TABLES `SHOPPING_CART` WRITE;
/*!40000 ALTER TABLE `SHOPPING_CART` DISABLE KEYS */;
INSERT INTO `SHOPPING_CART` VALUES (50,'2021-06-17 11:25:00','2021-06-17 11:25:00',NULL,NULL,'0:0:0:0:0:0:0:1',NULL,NULL,NULL,'a7cd141ac04d46459ea2e4863e8eaf8b',1),(100,'2021-06-21 12:25:03','2021-06-21 12:25:05',NULL,1,'0:0:0:0:0:0:0:1',NULL,NULL,NULL,'759536d06ee9492295ef79e6dab0b5c7',1),(150,'2021-06-25 14:26:12','2021-06-25 14:26:12',NULL,NULL,'0:0:0:0:0:0:0:1',NULL,NULL,NULL,'432b49e118974bbaaa9c9dad3a1b440d',1);
/*!40000 ALTER TABLE `SHOPPING_CART` ENABLE KEYS */;
UNLOCK TABLES;

--
-- Table structure for table `SHOPPING_CART_ATTR_ITEM`
--

DROP TABLE IF EXISTS `SHOPPING_CART_ATTR_ITEM`;
/*!40101 SET @saved_cs_client     = @@character_set_client */;
/*!50503 SET character_set_client = utf8mb4 */;
CREATE TABLE `SHOPPING_CART_ATTR_ITEM` (
  `SHP_CART_ATTR_ITEM_ID` bigint(20) NOT NULL,
  `DATE_CREATED` datetime DEFAULT NULL,
  `DATE_MODIFIED` datetime DEFAULT NULL,
  `UPDT_ID` varchar(60) DEFAULT NULL,
  `PRODUCT_ATTR_ID` bigint(20) NOT NULL,
  `SHP_CART_ITEM_ID` bigint(20) NOT NULL,
  PRIMARY KEY (`SHP_CART_ATTR_ITEM_ID`),
  KEY `FKp42tpa623hyo9ww69v0ohb3er` (`SHP_CART_ITEM_ID`),
  CONSTRAINT `FKp42tpa623hyo9ww69v0ohb3er` FOREIGN KEY (`SHP_CART_ITEM_ID`) REFERENCES `shopping_cart_item` (`SHP_CART_ITEM_ID`)
) ENGINE=InnoDB DEFAULT CHARSET=utf8mb4 ;
/*!40101 SET character_set_client = @saved_cs_client */;

--
-- Dumping data for table `SHOPPING_CART_ATTR_ITEM`
--

LOCK TABLES `SHOPPING_CART_ATTR_ITEM` WRITE;
/*!40000 ALTER TABLE `SHOPPING_CART_ATTR_ITEM` DISABLE KEYS */;
/*!40000 ALTER TABLE `SHOPPING_CART_ATTR_ITEM` ENABLE KEYS */;
UNLOCK TABLES;

--
-- Table structure for table `SHOPPING_CART_ITEM`
--

DROP TABLE IF EXISTS `SHOPPING_CART_ITEM`;
/*!40101 SET @saved_cs_client     = @@character_set_client */;
/*!50503 SET character_set_client = utf8mb4 */;
CREATE TABLE `SHOPPING_CART_ITEM` (
  `SHP_CART_ITEM_ID` bigint(20) NOT NULL,
  `DATE_CREATED` datetime DEFAULT NULL,
  `DATE_MODIFIED` datetime DEFAULT NULL,
  `UPDT_ID` varchar(60) DEFAULT NULL,
  `PRODUCT_ID` bigint(20) NOT NULL,
  `QUANTITY` int(11) DEFAULT NULL,
  `SHP_CART_ID` bigint(20) NOT NULL,
  PRIMARY KEY (`SHP_CART_ITEM_ID`),
  KEY `FK2gbimdwe9uysd5xadnfl0xq83` (`SHP_CART_ID`),
  CONSTRAINT `FK2gbimdwe9uysd5xadnfl0xq83` FOREIGN KEY (`SHP_CART_ID`) REFERENCES `shopping_cart` (`SHP_CART_ID`)
) ENGINE=InnoDB DEFAULT CHARSET=utf8mb4 ;
/*!40101 SET character_set_client = @saved_cs_client */;

--
-- Dumping data for table `SHOPPING_CART_ITEM`
--

LOCK TABLES `SHOPPING_CART_ITEM` WRITE;
/*!40000 ALTER TABLE `SHOPPING_CART_ITEM` DISABLE KEYS */;
INSERT INTO `SHOPPING_CART_ITEM` VALUES (50,'2021-06-17 11:25:00','2021-06-21 11:58:02',NULL,2,2,50),(51,'2021-06-17 18:41:22','2021-06-17 18:41:22',NULL,50,1,50),(100,'2021-06-21 12:25:03','2021-06-25 14:39:17',NULL,51,1,100),(101,'2021-06-21 12:25:08','2021-06-21 12:25:08',NULL,53,1,100),(150,'2021-06-25 14:26:12','2021-06-25 14:26:12',NULL,300,27,150),(151,'2021-06-25 14:26:45','2021-06-25 14:39:17',NULL,300,27,100),(152,'2021-06-25 14:39:14','2021-06-25 14:39:17',NULL,200,3,100);
/*!40000 ALTER TABLE `SHOPPING_CART_ITEM` ENABLE KEYS */;
UNLOCK TABLES;

--
-- Table structure for table `SM_GROUP`
--

DROP TABLE IF EXISTS `SM_GROUP`;
/*!40101 SET @saved_cs_client     = @@character_set_client */;
/*!50503 SET character_set_client = utf8mb4 */;
CREATE TABLE `SM_GROUP` (
  `GROUP_ID` int(11) NOT NULL,
  `DATE_CREATED` datetime DEFAULT NULL,
  `DATE_MODIFIED` datetime DEFAULT NULL,
  `UPDT_ID` varchar(60) DEFAULT NULL,
  `GROUP_NAME` varchar(255) DEFAULT NULL,
  `GROUP_TYPE` varchar(255) DEFAULT NULL,
  PRIMARY KEY (`GROUP_ID`),
  UNIQUE KEY `UK_t83rjsoml3o785oj37lpqpyko` (`GROUP_NAME`),
  KEY `SM_GROUP_GROUP_TYPE` (`GROUP_TYPE`)
) ENGINE=InnoDB DEFAULT CHARSET=utf8mb4 ;
/*!40101 SET character_set_client = @saved_cs_client */;

--
-- Dumping data for table `SM_GROUP`
--

LOCK TABLES `SM_GROUP` WRITE;
/*!40000 ALTER TABLE `SM_GROUP` DISABLE KEYS */;
INSERT INTO `SM_GROUP` VALUES (1,'2021-06-11 15:22:15','2021-06-11 15:22:15',NULL,'SUPERADMIN','ADMIN'),(2,'2021-06-11 15:22:15','2021-06-11 15:22:15',NULL,'ADMIN','ADMIN'),(3,'2021-06-11 15:22:15','2021-06-11 15:22:15',NULL,'ADMIN_RETAILER','ADMIN'),(4,'2021-06-11 15:22:15','2021-06-11 15:22:15',NULL,'ADMIN_STORE','ADMIN'),(5,'2021-06-11 15:22:15','2021-06-11 15:22:15',NULL,'ADMIN_CATALOGUE','ADMIN'),(6,'2021-06-11 15:22:15','2021-06-11 15:22:15',NULL,'ADMIN_ORDER','ADMIN'),(7,'2021-06-11 15:22:15','2021-06-11 15:22:15',NULL,'ADMIN_CONTENT','ADMIN'),(8,'2021-06-11 15:22:15','2021-06-11 15:22:15',NULL,'CUSTOMER','CUSTOMER');
/*!40000 ALTER TABLE `SM_GROUP` ENABLE KEYS */;
UNLOCK TABLES;

--
-- Table structure for table `SM_SEQUENCER`
--

DROP TABLE IF EXISTS `SM_SEQUENCER`;
/*!40101 SET @saved_cs_client     = @@character_set_client */;
/*!50503 SET character_set_client = utf8mb4 */;
CREATE TABLE `SM_SEQUENCER` (
  `SEQ_NAME` varchar(255) NOT NULL,
  `SEQ_COUNT` bigint(20) DEFAULT NULL,
  PRIMARY KEY (`SEQ_NAME`)
) ENGINE=InnoDB DEFAULT CHARSET=utf8mb4 ;
/*!40101 SET character_set_client = @saved_cs_client */;

--
-- Dumping data for table `SM_SEQUENCER`
--

LOCK TABLES `SM_SEQUENCER` WRITE;
/*!40000 ALTER TABLE `SM_SEQUENCER` DISABLE KEYS */;
INSERT INTO `SM_SEQUENCER` VALUES ('category_description_seq',7),('CATEGORY_SEQ_NEXT_VAL',3),('content_description_seq',3),('CONTENT_SEQ_NEXT_VAL',2),('country_description_seq',286),('COUNTRY_SEQ_NEXT_VAL',2),('CURRENCY_SEQ_NEXT_VAL',4),('CUST_OPT_SEQ_NEXT_VAL',1),('CUSTOMER_SEQ_NEXT_VAL',1),('GROUP_SEQ_NEXT_VAL',1),('LANG_SEQ_NEXT_VAL',1),('MANUFACT_SEQ_NEXT_VAL',1),('manufacturer_description_seq',3),('MERCH_CONF_SEQ_NEXT_VAL',1),('MOD_CONF_SEQ_NEXT_VAL',1),('OPTIN_SEQ_NEXT_VAL',1),('PERMISSION_SEQ_NEXT_VAL',1),('PRD_TYPE_SEQ_NEXT_VAL',1),('PRODUCT_AVAIL_SEQ_NEXT_VAL',19),('product_description_seq',29),('product_image_description_seq',21),('PRODUCT_IMG_SEQ_NEXT_VAL',12),('PRODUCT_OPT_VAL_SEQ_NEXT_VAL',1),('product_option_description_seq',3),('PRODUCT_OPTION_SEQ_NEXT_VAL',1),('product_option_value_description_seq',2),('product_price_description_seq',29),('PRODUCT_PRICE_SEQ_NEXT_VAL',19),('PRODUCT_SEQ_NEXT_VAL',19),('SHP_CRT_ITM_SEQ_NEXT_VAL',4),('SHP_CRT_SEQ_NEXT_VAL',4),('STORE_SEQ_NEXT_VAL',1),('TX_CLASS_SEQ_NEXT_VAL',1),('USER_SEQ_NEXT_VAL',1),('zone_description_seq',652),('ZONE_SEQ_NEXT_VAL',5);
/*!40000 ALTER TABLE `SM_SEQUENCER` ENABLE KEYS */;
UNLOCK TABLES;

--
-- Table structure for table `SM_TRANSACTION`
--

DROP TABLE IF EXISTS `SM_TRANSACTION`;
/*!40101 SET @saved_cs_client     = @@character_set_client */;
/*!50503 SET character_set_client = utf8mb4 */;
CREATE TABLE `SM_TRANSACTION` (
  `TRANSACTION_ID` bigint(20) NOT NULL,
  `AMOUNT` decimal(19,2) DEFAULT NULL,
  `DATE_CREATED` datetime DEFAULT NULL,
  `DATE_MODIFIED` datetime DEFAULT NULL,
  `UPDT_ID` varchar(60) DEFAULT NULL,
  `DETAILS` longtext,
  `PAYMENT_TYPE` varchar(255) DEFAULT NULL,
  `TRANSACTION_DATE` datetime DEFAULT NULL,
  `TRANSACTION_TYPE` varchar(255) DEFAULT NULL,
  `ORDER_ID` bigint(20) DEFAULT NULL,
  PRIMARY KEY (`TRANSACTION_ID`),
  KEY `FK7j0s1gqh2tue1fyh5nyj5kwkp` (`ORDER_ID`),
  CONSTRAINT `FK7j0s1gqh2tue1fyh5nyj5kwkp` FOREIGN KEY (`ORDER_ID`) REFERENCES `orders` (`ORDER_ID`)
) ENGINE=InnoDB DEFAULT CHARSET=utf8mb4 ;
/*!40101 SET character_set_client = @saved_cs_client */;

--
-- Dumping data for table `SM_TRANSACTION`
--

LOCK TABLES `SM_TRANSACTION` WRITE;
/*!40000 ALTER TABLE `SM_TRANSACTION` DISABLE KEYS */;
/*!40000 ALTER TABLE `SM_TRANSACTION` ENABLE KEYS */;
UNLOCK TABLES;

--
-- Table structure for table `SYSTEM_CONFIGURATION`
--

DROP TABLE IF EXISTS `SYSTEM_CONFIGURATION`;
/*!40101 SET @saved_cs_client     = @@character_set_client */;
/*!50503 SET character_set_client = utf8mb4 */;
CREATE TABLE `SYSTEM_CONFIGURATION` (
  `SYSTEM_CONFIG_ID` bigint(20) NOT NULL,
  `DATE_CREATED` datetime DEFAULT NULL,
  `DATE_MODIFIED` datetime DEFAULT NULL,
  `UPDT_ID` varchar(60) DEFAULT NULL,
  `CONFIG_KEY` varchar(255) DEFAULT NULL,
  `VALUE` varchar(255) DEFAULT NULL,
  PRIMARY KEY (`SYSTEM_CONFIG_ID`)
) ENGINE=InnoDB DEFAULT CHARSET=utf8mb4 ;
/*!40101 SET character_set_client = @saved_cs_client */;

--
-- Dumping data for table `SYSTEM_CONFIGURATION`
--

LOCK TABLES `SYSTEM_CONFIGURATION` WRITE;
/*!40000 ALTER TABLE `SYSTEM_CONFIGURATION` DISABLE KEYS */;
/*!40000 ALTER TABLE `SYSTEM_CONFIGURATION` ENABLE KEYS */;
UNLOCK TABLES;

--
-- Table structure for table `SYSTEM_NOTIFICATION`
--

DROP TABLE IF EXISTS `SYSTEM_NOTIFICATION`;
/*!40101 SET @saved_cs_client     = @@character_set_client */;
/*!50503 SET character_set_client = utf8mb4 */;
CREATE TABLE `SYSTEM_NOTIFICATION` (
  `SYSTEM_NOTIF_ID` bigint(20) NOT NULL,
  `DATE_CREATED` datetime DEFAULT NULL,
  `DATE_MODIFIED` datetime DEFAULT NULL,
  `UPDT_ID` varchar(60) DEFAULT NULL,
  `END_DATE` date DEFAULT NULL,
  `CONFIG_KEY` varchar(255) DEFAULT NULL,
  `START_DATE` date DEFAULT NULL,
  `VALUE` varchar(255) DEFAULT NULL,
  `MERCHANT_ID` int(11) DEFAULT NULL,
  `USER_ID` bigint(20) DEFAULT NULL,
  PRIMARY KEY (`SYSTEM_NOTIF_ID`),
  UNIQUE KEY `UKnpdnlc390vgr2mhepib1mtrmr` (`MERCHANT_ID`,`CONFIG_KEY`),
  KEY `FK3dykr9pm9ln1uektuw18blb6m` (`USER_ID`),
  CONSTRAINT `FK3dykr9pm9ln1uektuw18blb6m` FOREIGN KEY (`USER_ID`) REFERENCES `users` (`USER_ID`),
  CONSTRAINT `FKs6qk7l06e0s6m9n04momedgt7` FOREIGN KEY (`MERCHANT_ID`) REFERENCES `merchant_store` (`MERCHANT_ID`)
) ENGINE=InnoDB DEFAULT CHARSET=utf8mb4 ;
/*!40101 SET character_set_client = @saved_cs_client */;

--
-- Dumping data for table `SYSTEM_NOTIFICATION`
--

LOCK TABLES `SYSTEM_NOTIFICATION` WRITE;
/*!40000 ALTER TABLE `SYSTEM_NOTIFICATION` DISABLE KEYS */;
/*!40000 ALTER TABLE `SYSTEM_NOTIFICATION` ENABLE KEYS */;
UNLOCK TABLES;

--
-- Table structure for table `TAX_CLASS`
--

DROP TABLE IF EXISTS `TAX_CLASS`;
/*!40101 SET @saved_cs_client     = @@character_set_client */;
/*!50503 SET character_set_client = utf8mb4 */;
CREATE TABLE `TAX_CLASS` (
  `TAX_CLASS_ID` bigint(20) NOT NULL,
  `TAX_CLASS_CODE` varchar(10) NOT NULL,
  `TAX_CLASS_TITLE` varchar(32) NOT NULL,
  `MERCHANT_ID` int(11) DEFAULT NULL,
  PRIMARY KEY (`TAX_CLASS_ID`),
  UNIQUE KEY `UKa4q5q57a8oeh2ojeo8dhr935k` (`MERCHANT_ID`,`TAX_CLASS_CODE`),
  KEY `TAX_CLASS_CODE_IDX` (`TAX_CLASS_CODE`),
  CONSTRAINT `FK82i8puujghcv7fc82qwsgjg8w` FOREIGN KEY (`MERCHANT_ID`) REFERENCES `merchant_store` (`MERCHANT_ID`)
) ENGINE=InnoDB DEFAULT CHARSET=utf8mb4 ;
/*!40101 SET character_set_client = @saved_cs_client */;

--
-- Dumping data for table `TAX_CLASS`
--

LOCK TABLES `TAX_CLASS` WRITE;
/*!40000 ALTER TABLE `TAX_CLASS` DISABLE KEYS */;
INSERT INTO `TAX_CLASS` VALUES (1,'DEFAULT','DEFAULT',1);
/*!40000 ALTER TABLE `TAX_CLASS` ENABLE KEYS */;
UNLOCK TABLES;

--
-- Table structure for table `TAX_RATE`
--

DROP TABLE IF EXISTS `TAX_RATE`;
/*!40101 SET @saved_cs_client     = @@character_set_client */;
/*!50503 SET character_set_client = utf8mb4 */;
CREATE TABLE `TAX_RATE` (
  `TAX_RATE_ID` bigint(20) NOT NULL,
  `DATE_CREATED` datetime DEFAULT NULL,
  `DATE_MODIFIED` datetime DEFAULT NULL,
  `UPDT_ID` varchar(60) DEFAULT NULL,
  `TAX_CODE` varchar(255) DEFAULT NULL,
  `PIGGYBACK` bit(1) DEFAULT NULL,
  `STORE_STATE_PROV` varchar(100) DEFAULT NULL,
  `TAX_PRIORITY` int(11) DEFAULT NULL,
  `TAX_RATE` decimal(7,4) NOT NULL,
  `COUNTRY_ID` int(11) NOT NULL,
  `MERCHANT_ID` int(11) NOT NULL,
  `PARENT_ID` bigint(20) DEFAULT NULL,
  `TAX_CLASS_ID` bigint(20) NOT NULL,
  `ZONE_ID` bigint(20) DEFAULT NULL,
  PRIMARY KEY (`TAX_RATE_ID`),
  UNIQUE KEY `UK8gh6l9n0xq03b91sglp62oelu` (`TAX_CODE`,`MERCHANT_ID`),
  KEY `FK6wm34jcwoembe1qsmle2wtwnv` (`COUNTRY_ID`),
  KEY `FKfwp6yka2qps9jna473e6c6yc1` (`MERCHANT_ID`),
  KEY `FKt8isen27i3ioa0tw3bl8qlvdh` (`PARENT_ID`),
  KEY `FK7bpa9pbl1gnj5y3xbgs3wc0eg` (`TAX_CLASS_ID`),
  KEY `FKm9snpf6o1nb4j1t80nas8d1ix` (`ZONE_ID`),
  CONSTRAINT `FK6wm34jcwoembe1qsmle2wtwnv` FOREIGN KEY (`COUNTRY_ID`) REFERENCES `country` (`COUNTRY_ID`),
  CONSTRAINT `FK7bpa9pbl1gnj5y3xbgs3wc0eg` FOREIGN KEY (`TAX_CLASS_ID`) REFERENCES `tax_class` (`TAX_CLASS_ID`),
  CONSTRAINT `FKfwp6yka2qps9jna473e6c6yc1` FOREIGN KEY (`MERCHANT_ID`) REFERENCES `merchant_store` (`MERCHANT_ID`),
  CONSTRAINT `FKm9snpf6o1nb4j1t80nas8d1ix` FOREIGN KEY (`ZONE_ID`) REFERENCES `zone` (`ZONE_ID`),
  CONSTRAINT `FKt8isen27i3ioa0tw3bl8qlvdh` FOREIGN KEY (`PARENT_ID`) REFERENCES `tax_rate` (`TAX_RATE_ID`)
) ENGINE=InnoDB DEFAULT CHARSET=utf8mb4 ;
/*!40101 SET character_set_client = @saved_cs_client */;

--
-- Dumping data for table `TAX_RATE`
--

LOCK TABLES `TAX_RATE` WRITE;
/*!40000 ALTER TABLE `TAX_RATE` DISABLE KEYS */;
/*!40000 ALTER TABLE `TAX_RATE` ENABLE KEYS */;
UNLOCK TABLES;

--
-- Table structure for table `TAX_RATE_DESCRIPTION`
--

DROP TABLE IF EXISTS `TAX_RATE_DESCRIPTION`;
/*!40101 SET @saved_cs_client     = @@character_set_client */;
/*!50503 SET character_set_client = utf8mb4 */;
CREATE TABLE `TAX_RATE_DESCRIPTION` (
  `DESCRIPTION_ID` bigint(20) NOT NULL,
  `DATE_CREATED` datetime DEFAULT NULL,
  `DATE_MODIFIED` datetime DEFAULT NULL,
  `UPDT_ID` varchar(60) DEFAULT NULL,
  `DESCRIPTION` longtext,
  `NAME` varchar(120) NOT NULL,
  `TITLE` varchar(100) DEFAULT NULL,
  `LANGUAGE_ID` int(11) NOT NULL,
  `TAX_RATE_ID` bigint(20) DEFAULT NULL,
  PRIMARY KEY (`DESCRIPTION_ID`),
  UNIQUE KEY `UKt3xg8pl88yacdxg49nb46effg` (`TAX_RATE_ID`,`LANGUAGE_ID`),
  KEY `FKsicb2ydx42o04pvlnxw2mlx0w` (`LANGUAGE_ID`),
  CONSTRAINT `FK65c2lqslk5kx25dpkem2r0vxq` FOREIGN KEY (`TAX_RATE_ID`) REFERENCES `tax_rate` (`TAX_RATE_ID`),
  CONSTRAINT `FKsicb2ydx42o04pvlnxw2mlx0w` FOREIGN KEY (`LANGUAGE_ID`) REFERENCES `language` (`LANGUAGE_ID`)
) ENGINE=InnoDB DEFAULT CHARSET=utf8mb4 ;
/*!40101 SET character_set_client = @saved_cs_client */;

--
-- Dumping data for table `TAX_RATE_DESCRIPTION`
--

LOCK TABLES `TAX_RATE_DESCRIPTION` WRITE;
/*!40000 ALTER TABLE `TAX_RATE_DESCRIPTION` DISABLE KEYS */;
/*!40000 ALTER TABLE `TAX_RATE_DESCRIPTION` ENABLE KEYS */;
UNLOCK TABLES;

--
-- Table structure for table `USER_GROUP`
--

DROP TABLE IF EXISTS `USER_GROUP`;
/*!40101 SET @saved_cs_client     = @@character_set_client */;
/*!50503 SET character_set_client = utf8mb4 */;
CREATE TABLE `USER_GROUP` (
  `USER_ID` bigint(20) NOT NULL,
  `GROUP_ID` int(11) NOT NULL,
  KEY `FK75kainrhn4kh8j3sw2xbe7v61` (`GROUP_ID`),
  KEY `FK9op4wv63nonsby8y9myjhtho` (`USER_ID`),
  CONSTRAINT `FK75kainrhn4kh8j3sw2xbe7v61` FOREIGN KEY (`GROUP_ID`) REFERENCES `sm_group` (`GROUP_ID`),
  CONSTRAINT `FK9op4wv63nonsby8y9myjhtho` FOREIGN KEY (`USER_ID`) REFERENCES `users` (`USER_ID`)
) ENGINE=InnoDB DEFAULT CHARSET=utf8mb4 ;
/*!40101 SET character_set_client = @saved_cs_client */;

--
-- Dumping data for table `USER_GROUP`
--

LOCK TABLES `USER_GROUP` WRITE;
/*!40000 ALTER TABLE `USER_GROUP` DISABLE KEYS */;
INSERT INTO `USER_GROUP` VALUES (1,1),(1,2);
/*!40000 ALTER TABLE `USER_GROUP` ENABLE KEYS */;
UNLOCK TABLES;

--
-- Table structure for table `UserConnection`
--

DROP TABLE IF EXISTS `UserConnection`;
/*!40101 SET @saved_cs_client     = @@character_set_client */;
/*!50503 SET character_set_client = utf8mb4 */;
CREATE TABLE `UserConnection` (
  `providerId` varchar(255) NOT NULL,
  `providerUserId` varchar(255) NOT NULL,
  `userId` varchar(255) NOT NULL,
  `accessToken` varchar(255) DEFAULT NULL,
  `displayName` varchar(255) DEFAULT NULL,
  `expireTime` bigint(20) DEFAULT NULL,
  `imageUrl` varchar(255) DEFAULT NULL,
  `profileUrl` varchar(255) DEFAULT NULL,
  `refreshToken` varchar(255) DEFAULT NULL,
  `secret` varchar(255) DEFAULT NULL,
  `userRank` int(11) NOT NULL,
  PRIMARY KEY (`providerId`,`providerUserId`,`userId`)
) ENGINE=InnoDB DEFAULT CHARSET=utf8mb4 ;
/*!40101 SET character_set_client = @saved_cs_client */;

--
-- Dumping data for table `UserConnection`
--

LOCK TABLES `UserConnection` WRITE;
/*!40000 ALTER TABLE `UserConnection` DISABLE KEYS */;
/*!40000 ALTER TABLE `UserConnection` ENABLE KEYS */;
UNLOCK TABLES;

--
-- Table structure for table `USERS`
--

DROP TABLE IF EXISTS `USERS`;
/*!40101 SET @saved_cs_client     = @@character_set_client */;
/*!50503 SET character_set_client = utf8mb4 */;
CREATE TABLE `USERS` (
  `USER_ID` bigint(20) NOT NULL,
  `ACTIVE` bit(1) DEFAULT NULL,
  `ADMIN_EMAIL` varchar(255) DEFAULT NULL,
  `ADMIN_NAME` varchar(100) DEFAULT NULL,
  `ADMIN_PASSWORD` varchar(60) DEFAULT NULL,
  `ADMIN_A1` varchar(255) DEFAULT NULL,
  `ADMIN_A2` varchar(255) DEFAULT NULL,
  `ADMIN_A3` varchar(255) DEFAULT NULL,
  `DATE_CREATED` datetime DEFAULT NULL,
  `DATE_MODIFIED` datetime DEFAULT NULL,
  `UPDT_ID` varchar(60) DEFAULT NULL,
  `RESET_CREDENTIALS_REQ` varchar(256) DEFAULT NULL,
  `RESET_CREDENTIALS_EXP` date DEFAULT NULL,
  `ADMIN_FIRST_NAME` varchar(255) DEFAULT NULL,
  `LAST_ACCESS` datetime DEFAULT NULL,
  `ADMIN_LAST_NAME` varchar(255) DEFAULT NULL,
  `LOGIN_ACCESS` datetime DEFAULT NULL,
  `ADMIN_Q1` varchar(255) DEFAULT NULL,
  `ADMIN_Q2` varchar(255) DEFAULT NULL,
  `ADMIN_Q3` varchar(255) DEFAULT NULL,
  `LANGUAGE_ID` int(11) DEFAULT NULL,
  `MERCHANT_ID` int(11) NOT NULL,
  PRIMARY KEY (`USER_ID`),
  UNIQUE KEY `UK7cwrowcnjlfxpxpdd1op9ymab` (`MERCHANT_ID`,`ADMIN_NAME`),
  KEY `FK4yb3ho4yxvcjniqg09opbm7ja` (`LANGUAGE_ID`),
  CONSTRAINT `FK4yb3ho4yxvcjniqg09opbm7ja` FOREIGN KEY (`LANGUAGE_ID`) REFERENCES `language` (`LANGUAGE_ID`),
  CONSTRAINT `FKtpio656e5t0cja7kx7p79rkh6` FOREIGN KEY (`MERCHANT_ID`) REFERENCES `merchant_store` (`MERCHANT_ID`)
) ENGINE=InnoDB DEFAULT CHARSET=utf8mb4 ;
/*!40101 SET character_set_client = @saved_cs_client */;

--
-- Dumping data for table `USERS`
--

LOCK TABLES `USERS` WRITE;
/*!40000 ALTER TABLE `USERS` DISABLE KEYS */;
INSERT INTO `USERS` VALUES (1,_binary '','admin@shopizer.com','admin@shopizer.com','$2a$10$q2XUSxrDMfQTmNDk3QhvZeIfNXSf6PKfOSGj291fDv0iXfj.j5QUS',NULL,NULL,NULL,'2021-06-11 15:22:31','2021-06-27 17:12:27',NULL,NULL,NULL,'Administrator','2021-06-27 16:53:12','User','2021-06-27 17:12:27',NULL,NULL,NULL,NULL,1);
/*!40000 ALTER TABLE `USERS` ENABLE KEYS */;
UNLOCK TABLES;

--
-- Table structure for table `ZONE`
--

DROP TABLE IF EXISTS `ZONE`;
/*!40101 SET @saved_cs_client     = @@character_set_client */;
/*!50503 SET character_set_client = utf8mb4 */;
CREATE TABLE `ZONE` (
  `ZONE_ID` bigint(20) NOT NULL,
  `ZONE_CODE` varchar(255) NOT NULL,
  `COUNTRY_ID` int(11) NOT NULL,
  PRIMARY KEY (`ZONE_ID`),
  UNIQUE KEY `UK_4tq3p5w8k4h4easyf5t3n1jdr` (`ZONE_CODE`),
  KEY `FKhn2c1w3e1twhjg7tiwv7vuk67` (`COUNTRY_ID`),
  CONSTRAINT `FKhn2c1w3e1twhjg7tiwv7vuk67` FOREIGN KEY (`COUNTRY_ID`) REFERENCES `country` (`COUNTRY_ID`)
) ENGINE=InnoDB DEFAULT CHARSET=utf8mb4 ;
/*!40101 SET character_set_client = @saved_cs_client */;

--
-- Dumping data for table `ZONE`
--

LOCK TABLES `ZONE` WRITE;
/*!40000 ALTER TABLE `ZONE` DISABLE KEYS */;
INSERT INTO `ZONE` VALUES (1,'Guipuzcoa',79),(2,'HI',91),(3,'PR',91),(4,'Zamora',79),(5,'Vizcaya',79),(6,'OTR',64),(7,'Albacete',79),(8,'Lleida',79),(9,'QC',13),(10,'NRW',30),(11,'IA',91),(12,'ID',91),(13,'YT',13),(14,'Leon',79),(15,'ACorua',79),(16,'Castellon',79),(17,'LasPalmas',79),(18,'Pontevedra',79),(19,'AA',91),(20,'Teruel',79),(21,'AB',13),(22,'AC',91),(23,'IL',91),(24,'AE',91),(25,'AF',91),(26,'IN',91),(27,'AG',82),(28,'A Corua',79),(29,'AI',82),(30,'AK',91),(31,'Caceres',79),(32,'Segovia',79),(33,'AL',91),(34,'AM',91),(35,'ZG',82),(36,'Malaga',79),(37,'CEN',64),(38,'ZH',82),(39,'LaRioja',79),(40,'AP',91),(41,'Melilla',79),(42,'AR',91),(43,'AS',91),(44,'NSW',4),(45,'Madrid',79),(46,'RI',91),(47,'AZ',91),(48,'Ceuta',79),(49,'BC',13),(50,'Huelva',79),(51,'BE',82),(52,'Huesca',79),(53,'ARCH',82),(54,'BL',82),(55,'JU',82),(56,'Asturias',79),(57,'SA',4),(58,'SB',5),(59,'TIAT',5),(60,'SC',91),(61,'THE',30),(62,'SD',91),(63,'BS',82),(64,'Cordoba',79),(65,'Tarragona',79),(66,'Valladolid',79),(67,'SG',82),(68,'SH',82),(69,'WAAU',4),(70,'SK',13),(71,'NDS',30),(72,'SO',82),(73,'CA',91),(74,'NTAU',4),(75,'ST',5),(76,'KN',5),(77,'Jaen',79),(78,'ASU',64),(79,'CiudadReal',79),(80,'SZ',82),(81,'Alava',79),(82,'KS',91),(83,'CO',91),(84,'KY',91),(85,'BER',30),(86,'CT',91),(87,'ACT',4),(88,'TG',82),(89,'LA',91),(90,'HAM',30),(91,'TI',82),(92,'Lugo',79),(93,'NECH',82),(94,'TN',91),(95,'Toledo',79),(96,'DC',91),(97,'Palencia',79),(98,'DE',91),(99,'TX',91),(100,'TAS',4),(101,'QLD',4),(102,'LU',82),(103,'Burgos',79),(104,'Cadiz',79),(105,'SantaCruzdeTenerife',79),(106,'MA',91),(107,'MB',13),(108,'MD',91),(109,'Girona',79),(110,'ME',91),(111,'Alicante',79),(112,'Guadalajara',79),(113,'Cantabria',79),(114,'MH',91),(115,'MI',91),(116,'UR',82),(117,'UT',91),(118,'MN',91),(119,'MO',91),(120,'MP',91),(121,'Barcelona',79),(122,'MS',91),(123,'MT',91),(124,'Badajoz',79),(125,'MEC',30),(126,'VA',91),(127,'VB',5),(128,'Cuenca',79),(129,'WIAT',5),(130,'VD',82),(131,'Sevilla',79),(132,'VI',91),(133,'Zaragoza',79),(134,'NB',13),(135,'SAC',30),(136,'NC',91),(137,'ND',91),(138,'NE',91),(139,'NF',13),(140,'NH',91),(141,'NJ',91),(142,'VS',82),(143,'VT',91),(144,'NM',91),(145,'NO',5),(146,'SAS',30),(147,'NS',13),(148,'SAR',30),(149,'FL',91),(150,'NT',13),(151,'FM',91),(152,'NU',13),(153,'NV',91),(154,'NW',82),(155,'WA',91),(156,'NY',91),(157,'Granada',79),(158,'Soria',79),(159,'FR',82),(160,'RHE',30),(161,'Ourense',79),(162,'WI',91),(163,'OH',91),(164,'GA',91),(165,'Murcia',79),(166,'OK',91),(167,'GE',82),(168,'WV',91),(169,'ON',13),(170,'OO',5),(171,'WY',91),(172,'BLAT',5),(173,'Avila',79),(174,'OR',91),(175,'Salamanca',79),(176,'GL',82),(177,'Baleares',79),(178,'OW',82),(179,'GR',82),(180,'GU',91),(181,'PA',91),(182,'VIC',4),(183,'BRE',30),(184,'PE',13),(185,'BRG',30),(186,'HES',30),(187,'Almeria',79),(188,'BAW',30),(189,'BAY',30),(190,'Navarra',79),(191,'Valencia',79),(192,'SCN',30),(193,'AndhraPradesh',37),(194,'ArunachalPradesh',37),(195,'Assam',37),(196,'Bihar',37),(197,'Chhattisgarh',37),(198,'Goa',37),(199,'Gujarat',37),(200,'Haryana',37),(201,'HimachalPradesh',37),(202,'Jharkhand',37),(203,'Karnataka',37),(204,'Kerala',37),(205,'MadhyaPradesh',37),(206,'Maharashtra',37),(207,'Manipur',37),(208,'Meghalaya',37),(209,'Mizoram',37),(210,'Nagaland',37),(211,'Odisha',37),(212,'Punjab',37),(213,'Rajasthan',37),(214,'Sikkim',37),(215,'TamilNadu',37),(216,'Telangana',37),(217,'Tripura',37),(218,'Uttarakhand',37),(219,'WestBengal',37);
/*!40000 ALTER TABLE `ZONE` ENABLE KEYS */;
UNLOCK TABLES;

--
-- Table structure for table `ZONE_DESCRIPTION`
--

DROP TABLE IF EXISTS `ZONE_DESCRIPTION`;
/*!40101 SET @saved_cs_client     = @@character_set_client */;
/*!50503 SET character_set_client = utf8mb4 */;
CREATE TABLE `ZONE_DESCRIPTION` (
  `DESCRIPTION_ID` bigint(20) NOT NULL,
  `DATE_CREATED` datetime DEFAULT NULL,
  `DATE_MODIFIED` datetime DEFAULT NULL,
  `UPDT_ID` varchar(60) DEFAULT NULL,
  `DESCRIPTION` longtext,
  `NAME` varchar(120) NOT NULL,
  `TITLE` varchar(100) DEFAULT NULL,
  `LANGUAGE_ID` int(11) NOT NULL,
  `ZONE_ID` bigint(20) NOT NULL,
  PRIMARY KEY (`DESCRIPTION_ID`),
  UNIQUE KEY `UKm64laxgrv9fxm6io232ap4su9` (`ZONE_ID`,`LANGUAGE_ID`),
  KEY `FK69ybu7r3bgpcq65c77ji1udh3` (`LANGUAGE_ID`),
  CONSTRAINT `FK69ybu7r3bgpcq65c77ji1udh3` FOREIGN KEY (`LANGUAGE_ID`) REFERENCES `language` (`LANGUAGE_ID`),
  CONSTRAINT `FKpv4elin6w3b03756obqvk447f` FOREIGN KEY (`ZONE_ID`) REFERENCES `zone` (`ZONE_ID`)
) ENGINE=InnoDB DEFAULT CHARSET=utf8mb4 ;
/*!40101 SET character_set_client = @saved_cs_client */;

--
-- Dumping data for table `ZONE_DESCRIPTION`
--

LOCK TABLES `ZONE_DESCRIPTION` WRITE;
/*!40000 ALTER TABLE `ZONE_DESCRIPTION` DISABLE KEYS */;
INSERT INTO `ZONE_DESCRIPTION` VALUES (1,'2021-06-11 15:22:19','2021-06-11 15:22:19',NULL,NULL,'Guipuzcoa',NULL,1,1),(2,'2021-06-11 15:22:19','2021-06-11 15:22:19',NULL,NULL,'Guipuzcoa',NULL,2,1),(3,'2021-06-11 15:22:19','2021-06-11 15:22:19',NULL,NULL,'Guipuzcoa',NULL,3,1),(4,'2021-06-11 15:22:19','2021-06-11 15:22:19',NULL,NULL,'Hawaii',NULL,1,2),(5,'2021-06-11 15:22:19','2021-06-11 15:22:19',NULL,NULL,'Hawaii',NULL,2,2),(6,'2021-06-11 15:22:19','2021-06-11 15:22:19',NULL,NULL,'Hawaii',NULL,3,2),(7,'2021-06-11 15:22:19','2021-06-11 15:22:19',NULL,NULL,'Puerto Rico',NULL,1,3),(8,'2021-06-11 15:22:19','2021-06-11 15:22:19',NULL,NULL,'Puerto Rico',NULL,2,3),(9,'2021-06-11 15:22:19','2021-06-11 15:22:19',NULL,NULL,'Puerto Rico',NULL,3,3),(10,'2021-06-11 15:22:19','2021-06-11 15:22:19',NULL,NULL,'Zamora',NULL,1,4),(11,'2021-06-11 15:22:19','2021-06-11 15:22:19',NULL,NULL,'Zamora',NULL,2,4),(12,'2021-06-11 15:22:19','2021-06-11 15:22:19',NULL,NULL,'Zamora',NULL,3,4),(13,'2021-06-11 15:22:19','2021-06-11 15:22:19',NULL,NULL,'Vizcaya',NULL,1,5),(14,'2021-06-11 15:22:19','2021-06-11 15:22:19',NULL,NULL,'Vizcaya',NULL,2,5),(15,'2021-06-11 15:22:19','2021-06-11 15:22:19',NULL,NULL,'Vizcaya',NULL,3,5),(16,'2021-06-11 15:22:19','2021-06-11 15:22:19',NULL,NULL,'Other',NULL,1,6),(17,'2021-06-11 15:22:19','2021-06-11 15:22:19',NULL,NULL,'Otro',NULL,3,6),(18,'2021-06-11 15:22:19','2021-06-11 15:22:19',NULL,NULL,'Albacete',NULL,1,7),(19,'2021-06-11 15:22:19','2021-06-11 15:22:19',NULL,NULL,'Albacete',NULL,2,7),(20,'2021-06-11 15:22:19','2021-06-11 15:22:19',NULL,NULL,'Albacete',NULL,3,7),(21,'2021-06-11 15:22:19','2021-06-11 15:22:19',NULL,NULL,'Lleida',NULL,1,8),(22,'2021-06-11 15:22:19','2021-06-11 15:22:19',NULL,NULL,'Lleida',NULL,2,8),(23,'2021-06-11 15:22:19','2021-06-11 15:22:19',NULL,NULL,'Lleida',NULL,3,8),(24,'2021-06-11 15:22:20','2021-06-11 15:22:20',NULL,NULL,'Quebec',NULL,1,9),(25,'2021-06-11 15:22:20','2021-06-11 15:22:20',NULL,NULL,'Québec',NULL,2,9),(26,'2021-06-11 15:22:20','2021-06-11 15:22:20',NULL,NULL,'Quebec',NULL,3,9),(27,'2021-06-11 15:22:20','2021-06-11 15:22:20',NULL,NULL,'Nordrhein-Westfalen',NULL,1,10),(28,'2021-06-11 15:22:20','2021-06-11 15:22:20',NULL,NULL,'Nordrhein-Westfalen',NULL,2,10),(29,'2021-06-11 15:22:20','2021-06-11 15:22:20',NULL,NULL,'Nordrhein-Westfalen',NULL,3,10),(30,'2021-06-11 15:22:20','2021-06-11 15:22:20',NULL,NULL,'Iowa',NULL,1,11),(31,'2021-06-11 15:22:20','2021-06-11 15:22:20',NULL,NULL,'Iowa',NULL,2,11),(32,'2021-06-11 15:22:20','2021-06-11 15:22:20',NULL,NULL,'Iowa',NULL,3,11),(33,'2021-06-11 15:22:20','2021-06-11 15:22:20',NULL,NULL,'Idaho',NULL,1,12),(34,'2021-06-11 15:22:20','2021-06-11 15:22:20',NULL,NULL,'Idaho',NULL,2,12),(35,'2021-06-11 15:22:20','2021-06-11 15:22:20',NULL,NULL,'Idaho',NULL,3,12),(36,'2021-06-11 15:22:20','2021-06-11 15:22:20',NULL,NULL,'Yukon Territory',NULL,1,13),(37,'2021-06-11 15:22:20','2021-06-11 15:22:20',NULL,NULL,'Yukon',NULL,2,13),(38,'2021-06-11 15:22:20','2021-06-11 15:22:20',NULL,NULL,'Yukon Territory',NULL,3,13),(39,'2021-06-11 15:22:20','2021-06-11 15:22:20',NULL,NULL,'Leon',NULL,1,14),(40,'2021-06-11 15:22:20','2021-06-11 15:22:20',NULL,NULL,'Leon',NULL,2,14),(41,'2021-06-11 15:22:20','2021-06-11 15:22:20',NULL,NULL,'Leon',NULL,3,14),(42,'2021-06-11 15:22:20','2021-06-11 15:22:20',NULL,NULL,'A Corua',NULL,1,15),(43,'2021-06-11 15:22:20','2021-06-11 15:22:20',NULL,NULL,'A Corua',NULL,3,15),(44,'2021-06-11 15:22:20','2021-06-11 15:22:20',NULL,NULL,'Castellon',NULL,1,16),(45,'2021-06-11 15:22:20','2021-06-11 15:22:20',NULL,NULL,'Castellon',NULL,2,16),(46,'2021-06-11 15:22:20','2021-06-11 15:22:20',NULL,NULL,'Castellon',NULL,3,16),(47,'2021-06-11 15:22:20','2021-06-11 15:22:20',NULL,NULL,'Las Palmas',NULL,1,17),(48,'2021-06-11 15:22:20','2021-06-11 15:22:20',NULL,NULL,'Las Palmas',NULL,2,17),(49,'2021-06-11 15:22:20','2021-06-11 15:22:20',NULL,NULL,'Las Palmas',NULL,3,17),(50,'2021-06-11 15:22:20','2021-06-11 15:22:20',NULL,NULL,'Pontevedra',NULL,1,18),(51,'2021-06-11 15:22:20','2021-06-11 15:22:20',NULL,NULL,'Pontevedra',NULL,2,18),(52,'2021-06-11 15:22:20','2021-06-11 15:22:20',NULL,NULL,'Pontevedra',NULL,3,18),(53,'2021-06-11 15:22:20','2021-06-11 15:22:20',NULL,NULL,'Armed Forces Americas',NULL,1,19),(54,'2021-06-11 15:22:20','2021-06-11 15:22:20',NULL,NULL,'Armed Forces Americas',NULL,2,19),(55,'2021-06-11 15:22:20','2021-06-11 15:22:20',NULL,NULL,'Armed Forces Americas',NULL,3,19),(56,'2021-06-11 15:22:20','2021-06-11 15:22:20',NULL,NULL,'Teruel',NULL,1,20),(57,'2021-06-11 15:22:20','2021-06-11 15:22:20',NULL,NULL,'Teruel',NULL,2,20),(58,'2021-06-11 15:22:20','2021-06-11 15:22:20',NULL,NULL,'Teruel',NULL,3,20),(59,'2021-06-11 15:22:20','2021-06-11 15:22:20',NULL,NULL,'Alberta',NULL,1,21),(60,'2021-06-11 15:22:20','2021-06-11 15:22:20',NULL,NULL,'Alberta',NULL,2,21),(61,'2021-06-11 15:22:20','2021-06-11 15:22:20',NULL,NULL,'Alberta',NULL,3,21),(62,'2021-06-11 15:22:20','2021-06-11 15:22:20',NULL,NULL,'Armed Forces Canada',NULL,1,22),(63,'2021-06-11 15:22:20','2021-06-11 15:22:20',NULL,NULL,'Armed Forces Canada',NULL,2,22),(64,'2021-06-11 15:22:20','2021-06-11 15:22:20',NULL,NULL,'Armed Forces Canada',NULL,3,22),(65,'2021-06-11 15:22:20','2021-06-11 15:22:20',NULL,NULL,'Illinois',NULL,1,23),(66,'2021-06-11 15:22:20','2021-06-11 15:22:20',NULL,NULL,'Illinois',NULL,2,23),(67,'2021-06-11 15:22:20','2021-06-11 15:22:20',NULL,NULL,'Illinois',NULL,3,23),(68,'2021-06-11 15:22:20','2021-06-11 15:22:20',NULL,NULL,'Armed Forces Europe',NULL,1,24),(69,'2021-06-11 15:22:20','2021-06-11 15:22:20',NULL,NULL,'Armed Forces Europe',NULL,2,24),(70,'2021-06-11 15:22:20','2021-06-11 15:22:20',NULL,NULL,'Armed Forces Europe',NULL,3,24),(71,'2021-06-11 15:22:20','2021-06-11 15:22:20',NULL,NULL,'Armed Forces Africa',NULL,1,25),(72,'2021-06-11 15:22:20','2021-06-11 15:22:20',NULL,NULL,'Armed Forces Africa',NULL,2,25),(73,'2021-06-11 15:22:20','2021-06-11 15:22:20',NULL,NULL,'Armed Forces Africa',NULL,3,25),(74,'2021-06-11 15:22:20','2021-06-11 15:22:20',NULL,NULL,'Indiana',NULL,1,26),(75,'2021-06-11 15:22:20','2021-06-11 15:22:20',NULL,NULL,'Indiana',NULL,2,26),(76,'2021-06-11 15:22:20','2021-06-11 15:22:20',NULL,NULL,'Indiana',NULL,3,26),(77,'2021-06-11 15:22:20','2021-06-11 15:22:20',NULL,NULL,'Aargau',NULL,1,27),(78,'2021-06-11 15:22:20','2021-06-11 15:22:20',NULL,NULL,'Aargau',NULL,2,27),(79,'2021-06-11 15:22:20','2021-06-11 15:22:20',NULL,NULL,'Aargau',NULL,3,27),(80,'2021-06-11 15:22:20','2021-06-11 15:22:20',NULL,NULL,'A Corua',NULL,2,28),(81,'2021-06-11 15:22:20','2021-06-11 15:22:20',NULL,NULL,'Appenzell Innerrhoden',NULL,1,29),(82,'2021-06-11 15:22:20','2021-06-11 15:22:20',NULL,NULL,'Appenzell Innerrhoden',NULL,2,29),(83,'2021-06-11 15:22:20','2021-06-11 15:22:20',NULL,NULL,'Appenzell Innerrhoden',NULL,3,29),(84,'2021-06-11 15:22:20','2021-06-11 15:22:20',NULL,NULL,'Alaska',NULL,1,30),(85,'2021-06-11 15:22:20','2021-06-11 15:22:20',NULL,NULL,'Alaska',NULL,2,30),(86,'2021-06-11 15:22:20','2021-06-11 15:22:20',NULL,NULL,'Alaska',NULL,3,30),(87,'2021-06-11 15:22:20','2021-06-11 15:22:20',NULL,NULL,'Caceres',NULL,1,31),(88,'2021-06-11 15:22:20','2021-06-11 15:22:20',NULL,NULL,'Caceres',NULL,2,31),(89,'2021-06-11 15:22:20','2021-06-11 15:22:20',NULL,NULL,'Caceres',NULL,3,31),(90,'2021-06-11 15:22:20','2021-06-11 15:22:20',NULL,NULL,'Segovia',NULL,1,32),(91,'2021-06-11 15:22:20','2021-06-11 15:22:20',NULL,NULL,'Segovia',NULL,2,32),(92,'2021-06-11 15:22:20','2021-06-11 15:22:20',NULL,NULL,'Segovia',NULL,3,32),(93,'2021-06-11 15:22:20','2021-06-11 15:22:20',NULL,NULL,'Alabama',NULL,1,33),(94,'2021-06-11 15:22:20','2021-06-11 15:22:20',NULL,NULL,'Alabama',NULL,2,33),(95,'2021-06-11 15:22:20','2021-06-11 15:22:20',NULL,NULL,'Alabama',NULL,3,33),(96,'2021-06-11 15:22:20','2021-06-11 15:22:20',NULL,NULL,'Armed Forces Middle East',NULL,1,34),(97,'2021-06-11 15:22:20','2021-06-11 15:22:20',NULL,NULL,'Armed Forces Middle East',NULL,2,34),(98,'2021-06-11 15:22:20','2021-06-11 15:22:20',NULL,NULL,'Armed Forces Middle East',NULL,3,34),(99,'2021-06-11 15:22:20','2021-06-11 15:22:20',NULL,NULL,'Zug',NULL,1,35),(100,'2021-06-11 15:22:20','2021-06-11 15:22:20',NULL,NULL,'Zug',NULL,2,35),(101,'2021-06-11 15:22:20','2021-06-11 15:22:20',NULL,NULL,'Zug',NULL,3,35),(102,'2021-06-11 15:22:20','2021-06-11 15:22:20',NULL,NULL,'Malaga',NULL,1,36),(103,'2021-06-11 15:22:20','2021-06-11 15:22:20',NULL,NULL,'Malaga',NULL,2,36),(104,'2021-06-11 15:22:20','2021-06-11 15:22:20',NULL,NULL,'Malaga',NULL,3,36),(105,'2021-06-11 15:22:20','2021-06-11 15:22:20',NULL,NULL,'Central',NULL,1,37),(106,'2021-06-11 15:22:20','2021-06-11 15:22:20',NULL,NULL,'Central',NULL,3,37),(107,'2021-06-11 15:22:20','2021-06-11 15:22:20',NULL,NULL,'Zrich',NULL,1,38),(108,'2021-06-11 15:22:20','2021-06-11 15:22:20',NULL,NULL,'Zrich',NULL,2,38),(109,'2021-06-11 15:22:20','2021-06-11 15:22:20',NULL,NULL,'Zrich',NULL,3,38),(110,'2021-06-11 15:22:20','2021-06-11 15:22:20',NULL,NULL,'La Rioja',NULL,1,39),(111,'2021-06-11 15:22:20','2021-06-11 15:22:20',NULL,NULL,'La Rioja',NULL,2,39),(112,'2021-06-11 15:22:20','2021-06-11 15:22:20',NULL,NULL,'La Rioja',NULL,3,39),(113,'2021-06-11 15:22:20','2021-06-11 15:22:20',NULL,NULL,'Armed Forces Pacific',NULL,1,40),(114,'2021-06-11 15:22:20','2021-06-11 15:22:20',NULL,NULL,'Armed Forces Pacific',NULL,2,40),(115,'2021-06-11 15:22:21','2021-06-11 15:22:21',NULL,NULL,'Armed Forces Pacific',NULL,3,40),(116,'2021-06-11 15:22:21','2021-06-11 15:22:21',NULL,NULL,'Melilla',NULL,1,41),(117,'2021-06-11 15:22:21','2021-06-11 15:22:21',NULL,NULL,'Melilla',NULL,2,41),(118,'2021-06-11 15:22:21','2021-06-11 15:22:21',NULL,NULL,'Melilla',NULL,3,41),(119,'2021-06-11 15:22:21','2021-06-11 15:22:21',NULL,NULL,'Arkansas',NULL,1,42),(120,'2021-06-11 15:22:21','2021-06-11 15:22:21',NULL,NULL,'Arkansas',NULL,2,42),(121,'2021-06-11 15:22:21','2021-06-11 15:22:21',NULL,NULL,'Arkansas',NULL,3,42),(122,'2021-06-11 15:22:21','2021-06-11 15:22:21',NULL,NULL,'American Samoa',NULL,1,43),(123,'2021-06-11 15:22:21','2021-06-11 15:22:21',NULL,NULL,'American Samoa',NULL,2,43),(124,'2021-06-11 15:22:21','2021-06-11 15:22:21',NULL,NULL,'American Samoa',NULL,3,43),(125,'2021-06-11 15:22:21','2021-06-11 15:22:21',NULL,NULL,'New South Wales',NULL,1,44),(126,'2021-06-11 15:22:21','2021-06-11 15:22:21',NULL,NULL,'Nouvelle-Galles du Sud',NULL,2,44),(127,'2021-06-11 15:22:21','2021-06-11 15:22:21',NULL,NULL,'New South Wales',NULL,3,44),(128,'2021-06-11 15:22:21','2021-06-11 15:22:21',NULL,NULL,'Madrid',NULL,1,45),(129,'2021-06-11 15:22:21','2021-06-11 15:22:21',NULL,NULL,'Madrid',NULL,2,45),(130,'2021-06-11 15:22:21','2021-06-11 15:22:21',NULL,NULL,'Madrid',NULL,3,45),(131,'2021-06-11 15:22:21','2021-06-11 15:22:21',NULL,NULL,'Rhode Island',NULL,1,46),(132,'2021-06-11 15:22:21','2021-06-11 15:22:21',NULL,NULL,'Rhode Island',NULL,2,46),(133,'2021-06-11 15:22:21','2021-06-11 15:22:21',NULL,NULL,'Rhode Island',NULL,3,46),(134,'2021-06-11 15:22:21','2021-06-11 15:22:21',NULL,NULL,'Arizona',NULL,1,47),(135,'2021-06-11 15:22:21','2021-06-11 15:22:21',NULL,NULL,'Arizona',NULL,2,47),(136,'2021-06-11 15:22:21','2021-06-11 15:22:21',NULL,NULL,'Arizona',NULL,3,47),(137,'2021-06-11 15:22:21','2021-06-11 15:22:21',NULL,NULL,'Ceuta',NULL,1,48),(138,'2021-06-11 15:22:21','2021-06-11 15:22:21',NULL,NULL,'Ceuta',NULL,2,48),(139,'2021-06-11 15:22:21','2021-06-11 15:22:21',NULL,NULL,'Ceuta',NULL,3,48),(140,'2021-06-11 15:22:21','2021-06-11 15:22:21',NULL,NULL,'British Columbia',NULL,1,49),(141,'2021-06-11 15:22:21','2021-06-11 15:22:21',NULL,NULL,'Colombie Britanique',NULL,2,49),(142,'2021-06-11 15:22:21','2021-06-11 15:22:21',NULL,NULL,'British Columbia',NULL,3,49),(143,'2021-06-11 15:22:21','2021-06-11 15:22:21',NULL,NULL,'Huelva',NULL,1,50),(144,'2021-06-11 15:22:21','2021-06-11 15:22:21',NULL,NULL,'Huelva',NULL,2,50),(145,'2021-06-11 15:22:21','2021-06-11 15:22:21',NULL,NULL,'Huelva',NULL,3,50),(146,'2021-06-11 15:22:21','2021-06-11 15:22:21',NULL,NULL,'Bern',NULL,1,51),(147,'2021-06-11 15:22:21','2021-06-11 15:22:21',NULL,NULL,'Bern',NULL,2,51),(148,'2021-06-11 15:22:21','2021-06-11 15:22:21',NULL,NULL,'Bern',NULL,3,51),(149,'2021-06-11 15:22:21','2021-06-11 15:22:21',NULL,NULL,'Huesca',NULL,1,52),(150,'2021-06-11 15:22:21','2021-06-11 15:22:21',NULL,NULL,'Huesca',NULL,2,52),(151,'2021-06-11 15:22:21','2021-06-11 15:22:21',NULL,NULL,'Huesca',NULL,3,52),(152,'2021-06-11 15:22:21','2021-06-11 15:22:21',NULL,NULL,'Appenzell Ausserrhoden',NULL,1,53),(153,'2021-06-11 15:22:21','2021-06-11 15:22:21',NULL,NULL,'Appenzell Ausserrhoden',NULL,2,53),(154,'2021-06-11 15:22:21','2021-06-11 15:22:21',NULL,NULL,'Appenzell Ausserrhoden',NULL,3,53),(155,'2021-06-11 15:22:21','2021-06-11 15:22:21',NULL,NULL,'Basel-Landschaft',NULL,1,54),(156,'2021-06-11 15:22:21','2021-06-11 15:22:21',NULL,NULL,'Basel-Landschaft',NULL,2,54),(157,'2021-06-11 15:22:21','2021-06-11 15:22:21',NULL,NULL,'Basel-Landschaft',NULL,3,54),(158,'2021-06-11 15:22:21','2021-06-11 15:22:21',NULL,NULL,'Jura',NULL,1,55),(159,'2021-06-11 15:22:21','2021-06-11 15:22:21',NULL,NULL,'Jura',NULL,2,55),(160,'2021-06-11 15:22:21','2021-06-11 15:22:21',NULL,NULL,'Jura',NULL,3,55),(161,'2021-06-11 15:22:21','2021-06-11 15:22:21',NULL,NULL,'Asturias',NULL,1,56),(162,'2021-06-11 15:22:21','2021-06-11 15:22:21',NULL,NULL,'Asturias',NULL,2,56),(163,'2021-06-11 15:22:21','2021-06-11 15:22:21',NULL,NULL,'Asturias',NULL,3,56),(164,'2021-06-11 15:22:21','2021-06-11 15:22:21',NULL,NULL,'South Australia',NULL,1,57),(165,'2021-06-11 15:22:21','2021-06-11 15:22:21',NULL,NULL,'Australie-Mridionale',NULL,2,57),(166,'2021-06-11 15:22:21','2021-06-11 15:22:21',NULL,NULL,'South Australia',NULL,3,57),(167,'2021-06-11 15:22:21','2021-06-11 15:22:21',NULL,NULL,'Salzburg',NULL,1,58),(168,'2021-06-11 15:22:21','2021-06-11 15:22:21',NULL,NULL,'Salzburg',NULL,2,58),(169,'2021-06-11 15:22:21','2021-06-11 15:22:21',NULL,NULL,'Salzburg',NULL,3,58),(170,'2021-06-11 15:22:21','2021-06-11 15:22:21',NULL,NULL,'Tirol',NULL,1,59),(171,'2021-06-11 15:22:21','2021-06-11 15:22:21',NULL,NULL,'Tirol',NULL,2,59),(172,'2021-06-11 15:22:21','2021-06-11 15:22:21',NULL,NULL,'Tirol',NULL,3,59),(173,'2021-06-11 15:22:21','2021-06-11 15:22:21',NULL,NULL,'South Carolina',NULL,1,60),(174,'2021-06-11 15:22:21','2021-06-11 15:22:21',NULL,NULL,'Caroline du Sud',NULL,2,60),(175,'2021-06-11 15:22:21','2021-06-11 15:22:21',NULL,NULL,'South Carolina',NULL,3,60),(176,'2021-06-11 15:22:21','2021-06-11 15:22:21',NULL,NULL,'Thringen',NULL,1,61),(177,'2021-06-11 15:22:21','2021-06-11 15:22:21',NULL,NULL,'Thringen',NULL,2,61),(178,'2021-06-11 15:22:21','2021-06-11 15:22:21',NULL,NULL,'Thringen',NULL,3,61),(179,'2021-06-11 15:22:21','2021-06-11 15:22:21',NULL,NULL,'South Dakota',NULL,1,62),(180,'2021-06-11 15:22:21','2021-06-11 15:22:21',NULL,NULL,'Dakota du Sud',NULL,2,62),(181,'2021-06-11 15:22:21','2021-06-11 15:22:21',NULL,NULL,'South Dakota',NULL,3,62),(182,'2021-06-11 15:22:21','2021-06-11 15:22:21',NULL,NULL,'Basel-Stadt',NULL,1,63),(183,'2021-06-11 15:22:21','2021-06-11 15:22:21',NULL,NULL,'Basel-Stadt',NULL,2,63),(184,'2021-06-11 15:22:21','2021-06-11 15:22:21',NULL,NULL,'Basel-Stadt',NULL,3,63),(185,'2021-06-11 15:22:21','2021-06-11 15:22:21',NULL,NULL,'Cordoba',NULL,1,64),(186,'2021-06-11 15:22:21','2021-06-11 15:22:21',NULL,NULL,'Cordoba',NULL,2,64),(187,'2021-06-11 15:22:21','2021-06-11 15:22:21',NULL,NULL,'Cordoba',NULL,3,64),(188,'2021-06-11 15:22:21','2021-06-11 15:22:21',NULL,NULL,'Tarragona',NULL,1,65),(189,'2021-06-11 15:22:21','2021-06-11 15:22:21',NULL,NULL,'Tarragona',NULL,2,65),(190,'2021-06-11 15:22:21','2021-06-11 15:22:21',NULL,NULL,'Tarragona',NULL,3,65),(191,'2021-06-11 15:22:21','2021-06-11 15:22:21',NULL,NULL,'Valladolid',NULL,1,66),(192,'2021-06-11 15:22:21','2021-06-11 15:22:21',NULL,NULL,'Valladolid',NULL,2,66),(193,'2021-06-11 15:22:21','2021-06-11 15:22:21',NULL,NULL,'Valladolid',NULL,3,66),(194,'2021-06-11 15:22:21','2021-06-11 15:22:21',NULL,NULL,'St. Gallen',NULL,1,67),(195,'2021-06-11 15:22:21','2021-06-11 15:22:21',NULL,NULL,'St. Gallen',NULL,2,67),(196,'2021-06-11 15:22:21','2021-06-11 15:22:21',NULL,NULL,'St. Gallen',NULL,3,67),(197,'2021-06-11 15:22:21','2021-06-11 15:22:21',NULL,NULL,'Schaffhausen',NULL,1,68),(198,'2021-06-11 15:22:21','2021-06-11 15:22:21',NULL,NULL,'Schaffhausen',NULL,2,68),(199,'2021-06-11 15:22:21','2021-06-11 15:22:21',NULL,NULL,'Schaffhausen',NULL,3,68),(200,'2021-06-11 15:22:21','2021-06-11 15:22:21',NULL,NULL,'Western Australia',NULL,1,69),(201,'2021-06-11 15:22:21','2021-06-11 15:22:21',NULL,NULL,'Australie-Occidentale',NULL,2,69),(202,'2021-06-11 15:22:21','2021-06-11 15:22:21',NULL,NULL,'Western Australia',NULL,3,69),(203,'2021-06-11 15:22:21','2021-06-11 15:22:21',NULL,NULL,'Saskatchewan',NULL,1,70),(204,'2021-06-11 15:22:21','2021-06-11 15:22:21',NULL,NULL,'Saskatchewan',NULL,2,70),(205,'2021-06-11 15:22:21','2021-06-11 15:22:21',NULL,NULL,'Saskatchewan',NULL,3,70),(206,'2021-06-11 15:22:21','2021-06-11 15:22:21',NULL,NULL,'Niedersachsen',NULL,1,71),(207,'2021-06-11 15:22:21','2021-06-11 15:22:21',NULL,NULL,'Niedersachsen',NULL,2,71),(208,'2021-06-11 15:22:21','2021-06-11 15:22:21',NULL,NULL,'Niedersachsen',NULL,3,71),(209,'2021-06-11 15:22:21','2021-06-11 15:22:21',NULL,NULL,'Solothurn',NULL,1,72),(210,'2021-06-11 15:22:21','2021-06-11 15:22:21',NULL,NULL,'Solothurn',NULL,2,72),(211,'2021-06-11 15:22:21','2021-06-11 15:22:21',NULL,NULL,'Solothurn',NULL,3,72),(212,'2021-06-11 15:22:21','2021-06-11 15:22:21',NULL,NULL,'California',NULL,1,73),(213,'2021-06-11 15:22:21','2021-06-11 15:22:21',NULL,NULL,'Californie',NULL,2,73),(214,'2021-06-11 15:22:22','2021-06-11 15:22:22',NULL,NULL,'California',NULL,3,73),(215,'2021-06-11 15:22:22','2021-06-11 15:22:22',NULL,NULL,'Northern Territory',NULL,1,74),(216,'2021-06-11 15:22:22','2021-06-11 15:22:22',NULL,NULL,'Territoire du Nord',NULL,2,74),(217,'2021-06-11 15:22:22','2021-06-11 15:22:22',NULL,NULL,'Northern Territory',NULL,3,74),(218,'2021-06-11 15:22:22','2021-06-11 15:22:22',NULL,NULL,'Steiermark',NULL,1,75),(219,'2021-06-11 15:22:22','2021-06-11 15:22:22',NULL,NULL,'Steiermark',NULL,2,75),(220,'2021-06-11 15:22:22','2021-06-11 15:22:22',NULL,NULL,'Steiermark',NULL,3,75),(221,'2021-06-11 15:22:22','2021-06-11 15:22:22',NULL,NULL,'Katen',NULL,1,76),(222,'2021-06-11 15:22:22','2021-06-11 15:22:22',NULL,NULL,'Karten',NULL,2,76),(223,'2021-06-11 15:22:22','2021-06-11 15:22:22',NULL,NULL,'Katen',NULL,3,76),(224,'2021-06-11 15:22:22','2021-06-11 15:22:22',NULL,NULL,'Jaen',NULL,1,77),(225,'2021-06-11 15:22:22','2021-06-11 15:22:22',NULL,NULL,'Jaen',NULL,2,77),(226,'2021-06-11 15:22:22','2021-06-11 15:22:22',NULL,NULL,'Jaen',NULL,3,77),(227,'2021-06-11 15:22:22','2021-06-11 15:22:22',NULL,NULL,'Asuncion',NULL,1,78),(228,'2021-06-11 15:22:22','2021-06-11 15:22:22',NULL,NULL,'Asunción',NULL,3,78),(229,'2021-06-11 15:22:22','2021-06-11 15:22:22',NULL,NULL,'Ciudad Real',NULL,1,79),(230,'2021-06-11 15:22:22','2021-06-11 15:22:22',NULL,NULL,'Ciudad Real',NULL,2,79),(231,'2021-06-11 15:22:22','2021-06-11 15:22:22',NULL,NULL,'Ciudad Real',NULL,3,79),(232,'2021-06-11 15:22:22','2021-06-11 15:22:22',NULL,NULL,'Schwyz',NULL,1,80),(233,'2021-06-11 15:22:22','2021-06-11 15:22:22',NULL,NULL,'Schwyz',NULL,2,80),(234,'2021-06-11 15:22:22','2021-06-11 15:22:22',NULL,NULL,'Schwyz',NULL,3,80),(235,'2021-06-11 15:22:22','2021-06-11 15:22:22',NULL,NULL,'Alava',NULL,1,81),(236,'2021-06-11 15:22:22','2021-06-11 15:22:22',NULL,NULL,'Alava',NULL,2,81),(237,'2021-06-11 15:22:22','2021-06-11 15:22:22',NULL,NULL,'Alava',NULL,3,81),(238,'2021-06-11 15:22:22','2021-06-11 15:22:22',NULL,NULL,'Kansas',NULL,1,82),(239,'2021-06-11 15:22:22','2021-06-11 15:22:22',NULL,NULL,'Kansas',NULL,2,82),(240,'2021-06-11 15:22:22','2021-06-11 15:22:22',NULL,NULL,'Kansas',NULL,3,82),(241,'2021-06-11 15:22:22','2021-06-11 15:22:22',NULL,NULL,'Colorado',NULL,1,83),(242,'2021-06-11 15:22:22','2021-06-11 15:22:22',NULL,NULL,'Colorado',NULL,2,83),(243,'2021-06-11 15:22:22','2021-06-11 15:22:22',NULL,NULL,'Colorado',NULL,3,83),(244,'2021-06-11 15:22:22','2021-06-11 15:22:22',NULL,NULL,'Kentucky',NULL,1,84),(245,'2021-06-11 15:22:22','2021-06-11 15:22:22',NULL,NULL,'Kentucky',NULL,2,84),(246,'2021-06-11 15:22:22','2021-06-11 15:22:22',NULL,NULL,'Kentucky',NULL,3,84),(247,'2021-06-11 15:22:22','2021-06-11 15:22:22',NULL,NULL,'Berlin',NULL,1,85),(248,'2021-06-11 15:22:22','2021-06-11 15:22:22',NULL,NULL,'Berlin',NULL,2,85),(249,'2021-06-11 15:22:22','2021-06-11 15:22:22',NULL,NULL,'Berlin',NULL,3,85),(250,'2021-06-11 15:22:22','2021-06-11 15:22:22',NULL,NULL,'Connecticut',NULL,1,86),(251,'2021-06-11 15:22:22','2021-06-11 15:22:22',NULL,NULL,'Connecticut',NULL,2,86),(252,'2021-06-11 15:22:22','2021-06-11 15:22:22',NULL,NULL,'Connecticut',NULL,3,86),(253,'2021-06-11 15:22:22','2021-06-11 15:22:22',NULL,NULL,'Australian Capital Territory',NULL,1,87),(254,'2021-06-11 15:22:22','2021-06-11 15:22:22',NULL,NULL,'Territoire de la capitale australienne',NULL,2,87),(255,'2021-06-11 15:22:22','2021-06-11 15:22:22',NULL,NULL,'Australian Capital Territory',NULL,3,87),(256,'2021-06-11 15:22:22','2021-06-11 15:22:22',NULL,NULL,'Thurgau',NULL,1,88),(257,'2021-06-11 15:22:22','2021-06-11 15:22:22',NULL,NULL,'Thurgau',NULL,2,88),(258,'2021-06-11 15:22:22','2021-06-11 15:22:22',NULL,NULL,'Thurgau',NULL,3,88),(259,'2021-06-11 15:22:22','2021-06-11 15:22:22',NULL,NULL,'Louisiana',NULL,1,89),(260,'2021-06-11 15:22:22','2021-06-11 15:22:22',NULL,NULL,'Louisiane',NULL,2,89),(261,'2021-06-11 15:22:22','2021-06-11 15:22:22',NULL,NULL,'Louisiana',NULL,3,89),(262,'2021-06-11 15:22:22','2021-06-11 15:22:22',NULL,NULL,'Hamburg',NULL,1,90),(263,'2021-06-11 15:22:22','2021-06-11 15:22:22',NULL,NULL,'Hamburg',NULL,2,90),(264,'2021-06-11 15:22:22','2021-06-11 15:22:22',NULL,NULL,'Hamburg',NULL,3,90),(265,'2021-06-11 15:22:22','2021-06-11 15:22:22',NULL,NULL,'Tessin',NULL,1,91),(266,'2021-06-11 15:22:22','2021-06-11 15:22:22',NULL,NULL,'Tessin',NULL,2,91),(267,'2021-06-11 15:22:22','2021-06-11 15:22:22',NULL,NULL,'Tessin',NULL,3,91),(268,'2021-06-11 15:22:22','2021-06-11 15:22:22',NULL,NULL,'Lugo',NULL,1,92),(269,'2021-06-11 15:22:22','2021-06-11 15:22:22',NULL,NULL,'Lugo',NULL,2,92),(270,'2021-06-11 15:22:22','2021-06-11 15:22:22',NULL,NULL,'Lugo',NULL,3,92),(271,'2021-06-11 15:22:22','2021-06-11 15:22:22',NULL,NULL,'Neuenburg',NULL,1,93),(272,'2021-06-11 15:22:22','2021-06-11 15:22:22',NULL,NULL,'Neuenburg',NULL,2,93),(273,'2021-06-11 15:22:22','2021-06-11 15:22:22',NULL,NULL,'Neuenburg',NULL,3,93),(274,'2021-06-11 15:22:22','2021-06-11 15:22:22',NULL,NULL,'Tennessee',NULL,1,94),(275,'2021-06-11 15:22:22','2021-06-11 15:22:22',NULL,NULL,'Tennessee',NULL,2,94),(276,'2021-06-11 15:22:22','2021-06-11 15:22:22',NULL,NULL,'Tennessee',NULL,3,94),(277,'2021-06-11 15:22:22','2021-06-11 15:22:22',NULL,NULL,'Toledo',NULL,1,95),(278,'2021-06-11 15:22:22','2021-06-11 15:22:22',NULL,NULL,'Toledo',NULL,2,95),(279,'2021-06-11 15:22:22','2021-06-11 15:22:22',NULL,NULL,'Toledo',NULL,3,95),(280,'2021-06-11 15:22:22','2021-06-11 15:22:22',NULL,NULL,'District of Columbia',NULL,1,96),(281,'2021-06-11 15:22:22','2021-06-11 15:22:22',NULL,NULL,'District de Columbia',NULL,2,96),(282,'2021-06-11 15:22:22','2021-06-11 15:22:22',NULL,NULL,'District of Columbia',NULL,3,96),(283,'2021-06-11 15:22:22','2021-06-11 15:22:22',NULL,NULL,'Palencia',NULL,1,97),(284,'2021-06-11 15:22:22','2021-06-11 15:22:22',NULL,NULL,'Palencia',NULL,2,97),(285,'2021-06-11 15:22:22','2021-06-11 15:22:22',NULL,NULL,'Palencia',NULL,3,97),(286,'2021-06-11 15:22:22','2021-06-11 15:22:22',NULL,NULL,'Delaware',NULL,1,98),(287,'2021-06-11 15:22:22','2021-06-11 15:22:22',NULL,NULL,'Delaware',NULL,2,98),(288,'2021-06-11 15:22:22','2021-06-11 15:22:22',NULL,NULL,'Delaware',NULL,3,98),(289,'2021-06-11 15:22:22','2021-06-11 15:22:22',NULL,NULL,'Texas',NULL,1,99),(290,'2021-06-11 15:22:22','2021-06-11 15:22:22',NULL,NULL,'Texas',NULL,2,99),(291,'2021-06-11 15:22:22','2021-06-11 15:22:22',NULL,NULL,'Texas',NULL,3,99),(292,'2021-06-11 15:22:22','2021-06-11 15:22:22',NULL,NULL,'Tasmania',NULL,1,100),(293,'2021-06-11 15:22:22','2021-06-11 15:22:22',NULL,NULL,'Tasmanie',NULL,2,100),(294,'2021-06-11 15:22:22','2021-06-11 15:22:22',NULL,NULL,'Tasmania',NULL,3,100),(295,'2021-06-11 15:22:22','2021-06-11 15:22:22',NULL,NULL,'Queensland',NULL,1,101),(296,'2021-06-11 15:22:22','2021-06-11 15:22:22',NULL,NULL,'Queensland',NULL,2,101),(297,'2021-06-11 15:22:22','2021-06-11 15:22:22',NULL,NULL,'Queensland',NULL,3,101),(298,'2021-06-11 15:22:22','2021-06-11 15:22:22',NULL,NULL,'Luzern',NULL,1,102),(299,'2021-06-11 15:22:22','2021-06-11 15:22:22',NULL,NULL,'Luzern',NULL,2,102),(300,'2021-06-11 15:22:23','2021-06-11 15:22:23',NULL,NULL,'Luzern',NULL,3,102),(301,'2021-06-11 15:22:23','2021-06-11 15:22:23',NULL,NULL,'Burgos',NULL,1,103),(302,'2021-06-11 15:22:23','2021-06-11 15:22:23',NULL,NULL,'Burgos',NULL,2,103),(303,'2021-06-11 15:22:23','2021-06-11 15:22:23',NULL,NULL,'Burgos',NULL,3,103),(304,'2021-06-11 15:22:23','2021-06-11 15:22:23',NULL,NULL,'Cadiz',NULL,1,104),(305,'2021-06-11 15:22:23','2021-06-11 15:22:23',NULL,NULL,'Cadiz',NULL,2,104),(306,'2021-06-11 15:22:23','2021-06-11 15:22:23',NULL,NULL,'Cadiz',NULL,3,104),(307,'2021-06-11 15:22:23','2021-06-11 15:22:23',NULL,NULL,'Santa Cruz de Tenerife',NULL,1,105),(308,'2021-06-11 15:22:23','2021-06-11 15:22:23',NULL,NULL,'Santa Cruz de Tenerife',NULL,2,105),(309,'2021-06-11 15:22:23','2021-06-11 15:22:23',NULL,NULL,'Santa Cruz de Tenerife',NULL,3,105),(310,'2021-06-11 15:22:23','2021-06-11 15:22:23',NULL,NULL,'Massachusetts',NULL,1,106),(311,'2021-06-11 15:22:23','2021-06-11 15:22:23',NULL,NULL,'Massachusetts',NULL,2,106),(312,'2021-06-11 15:22:23','2021-06-11 15:22:23',NULL,NULL,'Massachusetts',NULL,3,106),(313,'2021-06-11 15:22:23','2021-06-11 15:22:23',NULL,NULL,'Manitoba',NULL,1,107),(314,'2021-06-11 15:22:23','2021-06-11 15:22:23',NULL,NULL,'Manitoba',NULL,2,107),(315,'2021-06-11 15:22:23','2021-06-11 15:22:23',NULL,NULL,'Manitoba',NULL,3,107),(316,'2021-06-11 15:22:23','2021-06-11 15:22:23',NULL,NULL,'Maryland',NULL,1,108),(317,'2021-06-11 15:22:23','2021-06-11 15:22:23',NULL,NULL,'Maryland',NULL,2,108),(318,'2021-06-11 15:22:23','2021-06-11 15:22:23',NULL,NULL,'Maryland',NULL,3,108),(319,'2021-06-11 15:22:23','2021-06-11 15:22:23',NULL,NULL,'Girona',NULL,1,109),(320,'2021-06-11 15:22:23','2021-06-11 15:22:23',NULL,NULL,'Girona',NULL,2,109),(321,'2021-06-11 15:22:23','2021-06-11 15:22:23',NULL,NULL,'Girona',NULL,3,109),(322,'2021-06-11 15:22:23','2021-06-11 15:22:23',NULL,NULL,'Maine',NULL,1,110),(323,'2021-06-11 15:22:23','2021-06-11 15:22:23',NULL,NULL,'Maine',NULL,2,110),(324,'2021-06-11 15:22:23','2021-06-11 15:22:23',NULL,NULL,'Maine',NULL,3,110),(325,'2021-06-11 15:22:23','2021-06-11 15:22:23',NULL,NULL,'Alicante',NULL,1,111),(326,'2021-06-11 15:22:23','2021-06-11 15:22:23',NULL,NULL,'Alicante',NULL,2,111),(327,'2021-06-11 15:22:23','2021-06-11 15:22:23',NULL,NULL,'Alicante',NULL,3,111),(328,'2021-06-11 15:22:23','2021-06-11 15:22:23',NULL,NULL,'Guadalajara',NULL,1,112),(329,'2021-06-11 15:22:23','2021-06-11 15:22:23',NULL,NULL,'Guadalajara',NULL,2,112),(330,'2021-06-11 15:22:23','2021-06-11 15:22:23',NULL,NULL,'Guadalajara',NULL,3,112),(331,'2021-06-11 15:22:23','2021-06-11 15:22:23',NULL,NULL,'Cantabria',NULL,1,113),(332,'2021-06-11 15:22:23','2021-06-11 15:22:23',NULL,NULL,'Cantabria',NULL,2,113),(333,'2021-06-11 15:22:23','2021-06-11 15:22:23',NULL,NULL,'Cantabria',NULL,3,113),(334,'2021-06-11 15:22:23','2021-06-11 15:22:23',NULL,NULL,'Marshall Islands',NULL,1,114),(335,'2021-06-11 15:22:23','2021-06-11 15:22:23',NULL,NULL,'Marshall Islands',NULL,2,114),(336,'2021-06-11 15:22:23','2021-06-11 15:22:23',NULL,NULL,'Marshall Islands',NULL,3,114),(337,'2021-06-11 15:22:23','2021-06-11 15:22:23',NULL,NULL,'Michigan',NULL,1,115),(338,'2021-06-11 15:22:23','2021-06-11 15:22:23',NULL,NULL,'Michigan',NULL,2,115),(339,'2021-06-11 15:22:23','2021-06-11 15:22:23',NULL,NULL,'Michigan',NULL,3,115),(340,'2021-06-11 15:22:23','2021-06-11 15:22:23',NULL,NULL,'Uri',NULL,1,116),(341,'2021-06-11 15:22:23','2021-06-11 15:22:23',NULL,NULL,'Uri',NULL,2,116),(342,'2021-06-11 15:22:23','2021-06-11 15:22:23',NULL,NULL,'Uri',NULL,3,116),(343,'2021-06-11 15:22:23','2021-06-11 15:22:23',NULL,NULL,'Utah',NULL,1,117),(344,'2021-06-11 15:22:23','2021-06-11 15:22:23',NULL,NULL,'Utah',NULL,2,117),(345,'2021-06-11 15:22:23','2021-06-11 15:22:23',NULL,NULL,'Utah',NULL,3,117),(346,'2021-06-11 15:22:23','2021-06-11 15:22:23',NULL,NULL,'Minnesota',NULL,1,118),(347,'2021-06-11 15:22:23','2021-06-11 15:22:23',NULL,NULL,'Minnesota',NULL,2,118),(348,'2021-06-11 15:22:23','2021-06-11 15:22:23',NULL,NULL,'Minnesota',NULL,3,118),(349,'2021-06-11 15:22:23','2021-06-11 15:22:23',NULL,NULL,'Missouri',NULL,1,119),(350,'2021-06-11 15:22:23','2021-06-11 15:22:23',NULL,NULL,'Missouri',NULL,2,119),(351,'2021-06-11 15:22:23','2021-06-11 15:22:23',NULL,NULL,'Missouri',NULL,3,119),(352,'2021-06-11 15:22:23','2021-06-11 15:22:23',NULL,NULL,'Northern Mariana Islands',NULL,1,120),(353,'2021-06-11 15:22:23','2021-06-11 15:22:23',NULL,NULL,'Northern Mariana Islands',NULL,2,120),(354,'2021-06-11 15:22:23','2021-06-11 15:22:23',NULL,NULL,'Northern Mariana Islands',NULL,3,120),(355,'2021-06-11 15:22:23','2021-06-11 15:22:23',NULL,NULL,'Barcelona',NULL,1,121),(356,'2021-06-11 15:22:23','2021-06-11 15:22:23',NULL,NULL,'Barcelona',NULL,2,121),(357,'2021-06-11 15:22:23','2021-06-11 15:22:23',NULL,NULL,'Barcelona',NULL,3,121),(358,'2021-06-11 15:22:23','2021-06-11 15:22:23',NULL,NULL,'Mississippi',NULL,1,122),(359,'2021-06-11 15:22:23','2021-06-11 15:22:23',NULL,NULL,'Mississippi',NULL,2,122),(360,'2021-06-11 15:22:23','2021-06-11 15:22:23',NULL,NULL,'Mississippi',NULL,3,122),(361,'2021-06-11 15:22:23','2021-06-11 15:22:23',NULL,NULL,'Montana',NULL,1,123),(362,'2021-06-11 15:22:23','2021-06-11 15:22:23',NULL,NULL,'Montana',NULL,2,123),(363,'2021-06-11 15:22:23','2021-06-11 15:22:23',NULL,NULL,'Montana',NULL,3,123),(364,'2021-06-11 15:22:23','2021-06-11 15:22:23',NULL,NULL,'Badajoz',NULL,1,124),(365,'2021-06-11 15:22:23','2021-06-11 15:22:23',NULL,NULL,'Badajoz',NULL,2,124),(366,'2021-06-11 15:22:23','2021-06-11 15:22:23',NULL,NULL,'Badajoz',NULL,3,124),(367,'2021-06-11 15:22:23','2021-06-11 15:22:23',NULL,NULL,'Mecklenburg-Vorpommern',NULL,1,125),(368,'2021-06-11 15:22:23','2021-06-11 15:22:23',NULL,NULL,'Mecklenburg-Vorpommern',NULL,2,125),(369,'2021-06-11 15:22:23','2021-06-11 15:22:23',NULL,NULL,'Mecklenburg-Vorpommern',NULL,3,125),(370,'2021-06-11 15:22:23','2021-06-11 15:22:23',NULL,NULL,'Virginia',NULL,1,126),(371,'2021-06-11 15:22:23','2021-06-11 15:22:23',NULL,NULL,'Virginie',NULL,2,126),(372,'2021-06-11 15:22:23','2021-06-11 15:22:23',NULL,NULL,'Virginia',NULL,3,126),(373,'2021-06-11 15:22:23','2021-06-11 15:22:23',NULL,NULL,'Voralberg',NULL,1,127),(374,'2021-06-11 15:22:23','2021-06-11 15:22:23',NULL,NULL,'Voralberg',NULL,2,127),(375,'2021-06-11 15:22:23','2021-06-11 15:22:23',NULL,NULL,'Voralberg',NULL,3,127),(376,'2021-06-11 15:22:23','2021-06-11 15:22:23',NULL,NULL,'Cuenca',NULL,1,128),(377,'2021-06-11 15:22:23','2021-06-11 15:22:23',NULL,NULL,'Cuenca',NULL,2,128),(378,'2021-06-11 15:22:23','2021-06-11 15:22:23',NULL,NULL,'Cuenca',NULL,3,128),(379,'2021-06-11 15:22:23','2021-06-11 15:22:23',NULL,NULL,'Wien',NULL,1,129),(380,'2021-06-11 15:22:23','2021-06-11 15:22:23',NULL,NULL,'Wien',NULL,2,129),(381,'2021-06-11 15:22:23','2021-06-11 15:22:23',NULL,NULL,'Wien',NULL,3,129),(382,'2021-06-11 15:22:23','2021-06-11 15:22:23',NULL,NULL,'Waadt',NULL,1,130),(383,'2021-06-11 15:22:24','2021-06-11 15:22:24',NULL,NULL,'Waadt',NULL,2,130),(384,'2021-06-11 15:22:24','2021-06-11 15:22:24',NULL,NULL,'Waadt',NULL,3,130),(385,'2021-06-11 15:22:24','2021-06-11 15:22:24',NULL,NULL,'Sevilla',NULL,1,131),(386,'2021-06-11 15:22:24','2021-06-11 15:22:24',NULL,NULL,'Sevilla',NULL,2,131),(387,'2021-06-11 15:22:24','2021-06-11 15:22:24',NULL,NULL,'Sevilla',NULL,3,131),(388,'2021-06-11 15:22:24','2021-06-11 15:22:24',NULL,NULL,'Virgin Islands',NULL,1,132),(389,'2021-06-11 15:22:24','2021-06-11 15:22:24',NULL,NULL,'Virgin Islands',NULL,2,132),(390,'2021-06-11 15:22:24','2021-06-11 15:22:24',NULL,NULL,'Virgin Islands',NULL,3,132),(391,'2021-06-11 15:22:24','2021-06-11 15:22:24',NULL,NULL,'Zaragoza',NULL,1,133),(392,'2021-06-11 15:22:24','2021-06-11 15:22:24',NULL,NULL,'Zaragoza',NULL,2,133),(393,'2021-06-11 15:22:24','2021-06-11 15:22:24',NULL,NULL,'Zaragoza',NULL,3,133),(394,'2021-06-11 15:22:24','2021-06-11 15:22:24',NULL,NULL,'New Brunswick',NULL,1,134),(395,'2021-06-11 15:22:24','2021-06-11 15:22:24',NULL,NULL,'Nouveau Brunswick',NULL,2,134),(396,'2021-06-11 15:22:24','2021-06-11 15:22:24',NULL,NULL,'New Brunswick',NULL,3,134),(397,'2021-06-11 15:22:24','2021-06-11 15:22:24',NULL,NULL,'Sachsen-Anhalt',NULL,1,135),(398,'2021-06-11 15:22:24','2021-06-11 15:22:24',NULL,NULL,'Sachsen-Anhalt',NULL,2,135),(399,'2021-06-11 15:22:24','2021-06-11 15:22:24',NULL,NULL,'Sachsen-Anhalt',NULL,3,135),(400,'2021-06-11 15:22:24','2021-06-11 15:22:24',NULL,NULL,'North Carolina',NULL,1,136),(401,'2021-06-11 15:22:24','2021-06-11 15:22:24',NULL,NULL,'Caroline du Nord',NULL,2,136),(402,'2021-06-11 15:22:24','2021-06-11 15:22:24',NULL,NULL,'North Carolina',NULL,3,136),(403,'2021-06-11 15:22:24','2021-06-11 15:22:24',NULL,NULL,'North Dakota',NULL,1,137),(404,'2021-06-11 15:22:24','2021-06-11 15:22:24',NULL,NULL,'Dakota du Nord',NULL,2,137),(405,'2021-06-11 15:22:24','2021-06-11 15:22:24',NULL,NULL,'North Dakota',NULL,3,137),(406,'2021-06-11 15:22:24','2021-06-11 15:22:24',NULL,NULL,'Nebraska',NULL,1,138),(407,'2021-06-11 15:22:24','2021-06-11 15:22:24',NULL,NULL,'Nebraska',NULL,2,138),(408,'2021-06-11 15:22:24','2021-06-11 15:22:24',NULL,NULL,'Nebraska',NULL,3,138),(409,'2021-06-11 15:22:24','2021-06-11 15:22:24',NULL,NULL,'Newfoundland - Labrador',NULL,1,139),(410,'2021-06-11 15:22:24','2021-06-11 15:22:24',NULL,NULL,'Terre-Neuve - Labrador',NULL,2,139),(411,'2021-06-11 15:22:24','2021-06-11 15:22:24',NULL,NULL,'Newfoundland - Labrador',NULL,3,139),(412,'2021-06-11 15:22:24','2021-06-11 15:22:24',NULL,NULL,'New Hampshire',NULL,1,140),(413,'2021-06-11 15:22:24','2021-06-11 15:22:24',NULL,NULL,'Nouveau Hampshire',NULL,2,140),(414,'2021-06-11 15:22:24','2021-06-11 15:22:24',NULL,NULL,'New Hampshire',NULL,3,140),(415,'2021-06-11 15:22:24','2021-06-11 15:22:24',NULL,NULL,'New Jersey',NULL,1,141),(416,'2021-06-11 15:22:24','2021-06-11 15:22:24',NULL,NULL,'New Jersey',NULL,2,141),(417,'2021-06-11 15:22:24','2021-06-11 15:22:24',NULL,NULL,'New Jersey',NULL,3,141),(418,'2021-06-11 15:22:24','2021-06-11 15:22:24',NULL,NULL,'Wallis',NULL,1,142),(419,'2021-06-11 15:22:24','2021-06-11 15:22:24',NULL,NULL,'Wallis',NULL,2,142),(420,'2021-06-11 15:22:24','2021-06-11 15:22:24',NULL,NULL,'Wallis',NULL,3,142),(421,'2021-06-11 15:22:24','2021-06-11 15:22:24',NULL,NULL,'Vermont',NULL,1,143),(422,'2021-06-11 15:22:24','2021-06-11 15:22:24',NULL,NULL,'Vermont',NULL,2,143),(423,'2021-06-11 15:22:24','2021-06-11 15:22:24',NULL,NULL,'Vermont',NULL,3,143),(424,'2021-06-11 15:22:24','2021-06-11 15:22:24',NULL,NULL,'New Mexico',NULL,1,144),(425,'2021-06-11 15:22:24','2021-06-11 15:22:24',NULL,NULL,'Nouveau Mexique',NULL,2,144),(426,'2021-06-11 15:22:24','2021-06-11 15:22:24',NULL,NULL,'New Mexico',NULL,3,144),(427,'2021-06-11 15:22:24','2021-06-11 15:22:24',NULL,NULL,'Niederosterreich',NULL,1,145),(428,'2021-06-11 15:22:24','2021-06-11 15:22:24',NULL,NULL,'Niederosterreich',NULL,2,145),(429,'2021-06-11 15:22:24','2021-06-11 15:22:24',NULL,NULL,'Niederosterreich',NULL,3,145),(430,'2021-06-11 15:22:24','2021-06-11 15:22:24',NULL,NULL,'Sachsen',NULL,1,146),(431,'2021-06-11 15:22:24','2021-06-11 15:22:24',NULL,NULL,'Sachsen',NULL,2,146),(432,'2021-06-11 15:22:24','2021-06-11 15:22:24',NULL,NULL,'Sachsen',NULL,3,146),(433,'2021-06-11 15:22:24','2021-06-11 15:22:24',NULL,NULL,'Nova Scotia',NULL,1,147),(434,'2021-06-11 15:22:24','2021-06-11 15:22:24',NULL,NULL,'Nouvelle Écosse',NULL,2,147),(435,'2021-06-11 15:22:24','2021-06-11 15:22:24',NULL,NULL,'Nova Scotia',NULL,3,147),(436,'2021-06-11 15:22:24','2021-06-11 15:22:24',NULL,NULL,'Saarland',NULL,1,148),(437,'2021-06-11 15:22:24','2021-06-11 15:22:24',NULL,NULL,'Saarland',NULL,2,148),(438,'2021-06-11 15:22:24','2021-06-11 15:22:24',NULL,NULL,'Saarland',NULL,3,148),(439,'2021-06-11 15:22:25','2021-06-11 15:22:25',NULL,NULL,'Florida',NULL,1,149),(440,'2021-06-11 15:22:25','2021-06-11 15:22:25',NULL,NULL,'Floride',NULL,2,149),(441,'2021-06-11 15:22:25','2021-06-11 15:22:25',NULL,NULL,'Florida',NULL,3,149),(442,'2021-06-11 15:22:25','2021-06-11 15:22:25',NULL,NULL,'Northwest Territories',NULL,1,150),(443,'2021-06-11 15:22:25','2021-06-11 15:22:25',NULL,NULL,'Territores du Nord-Ouest',NULL,2,150),(444,'2021-06-11 15:22:25','2021-06-11 15:22:25',NULL,NULL,'Northwest Territories',NULL,3,150),(445,'2021-06-11 15:22:25','2021-06-11 15:22:25',NULL,NULL,'Federated States Of Micronesia',NULL,1,151),(446,'2021-06-11 15:22:25','2021-06-11 15:22:25',NULL,NULL,'Federated States Of Micronesia',NULL,2,151),(447,'2021-06-11 15:22:25','2021-06-11 15:22:25',NULL,NULL,'Federated States Of Micronesia',NULL,3,151),(448,'2021-06-11 15:22:25','2021-06-11 15:22:25',NULL,NULL,'Nunavut',NULL,1,152),(449,'2021-06-11 15:22:25','2021-06-11 15:22:25',NULL,NULL,'Nunavut',NULL,2,152),(450,'2021-06-11 15:22:25','2021-06-11 15:22:25',NULL,NULL,'Nunavut',NULL,3,152),(451,'2021-06-11 15:22:25','2021-06-11 15:22:25',NULL,NULL,'Nevada',NULL,1,153),(452,'2021-06-11 15:22:25','2021-06-11 15:22:25',NULL,NULL,'Nevada',NULL,2,153),(453,'2021-06-11 15:22:25','2021-06-11 15:22:25',NULL,NULL,'Nevada',NULL,3,153),(454,'2021-06-11 15:22:25','2021-06-11 15:22:25',NULL,NULL,'Nidwalden',NULL,1,154),(455,'2021-06-11 15:22:25','2021-06-11 15:22:25',NULL,NULL,'Nidwalden',NULL,2,154),(456,'2021-06-11 15:22:25','2021-06-11 15:22:25',NULL,NULL,'Nidwalden',NULL,3,154),(457,'2021-06-11 15:22:25','2021-06-11 15:22:25',NULL,NULL,'Washington',NULL,1,155),(458,'2021-06-11 15:22:25','2021-06-11 15:22:25',NULL,NULL,'Washington',NULL,2,155),(459,'2021-06-11 15:22:25','2021-06-11 15:22:25',NULL,NULL,'Washington',NULL,3,155),(460,'2021-06-11 15:22:25','2021-06-11 15:22:25',NULL,NULL,'New York',NULL,1,156),(461,'2021-06-11 15:22:25','2021-06-11 15:22:25',NULL,NULL,'New York',NULL,2,156),(462,'2021-06-11 15:22:25','2021-06-11 15:22:25',NULL,NULL,'New York',NULL,3,156),(463,'2021-06-11 15:22:25','2021-06-11 15:22:25',NULL,NULL,'Granada',NULL,1,157),(464,'2021-06-11 15:22:25','2021-06-11 15:22:25',NULL,NULL,'Granada',NULL,2,157),(465,'2021-06-11 15:22:25','2021-06-11 15:22:25',NULL,NULL,'Granada',NULL,3,157),(466,'2021-06-11 15:22:25','2021-06-11 15:22:25',NULL,NULL,'Soria',NULL,1,158),(467,'2021-06-11 15:22:25','2021-06-11 15:22:25',NULL,NULL,'Soria',NULL,2,158),(468,'2021-06-11 15:22:25','2021-06-11 15:22:25',NULL,NULL,'Soria',NULL,3,158),(469,'2021-06-11 15:22:25','2021-06-11 15:22:25',NULL,NULL,'Freiburg',NULL,1,159),(470,'2021-06-11 15:22:25','2021-06-11 15:22:25',NULL,NULL,'Freiburg',NULL,2,159),(471,'2021-06-11 15:22:25','2021-06-11 15:22:25',NULL,NULL,'Freiburg',NULL,3,159),(472,'2021-06-11 15:22:25','2021-06-11 15:22:25',NULL,NULL,'Rheinland-Pfalz',NULL,1,160),(473,'2021-06-11 15:22:25','2021-06-11 15:22:25',NULL,NULL,'Rheinland-Pfalz',NULL,2,160),(474,'2021-06-11 15:22:25','2021-06-11 15:22:25',NULL,NULL,'Rheinland-Pfalz',NULL,3,160),(475,'2021-06-11 15:22:25','2021-06-11 15:22:25',NULL,NULL,'Ourense',NULL,1,161),(476,'2021-06-11 15:22:25','2021-06-11 15:22:25',NULL,NULL,'Ourense',NULL,2,161),(477,'2021-06-11 15:22:25','2021-06-11 15:22:25',NULL,NULL,'Ourense',NULL,3,161),(478,'2021-06-11 15:22:25','2021-06-11 15:22:25',NULL,NULL,'Wisconsin',NULL,1,162),(479,'2021-06-11 15:22:25','2021-06-11 15:22:25',NULL,NULL,'Wisconsin',NULL,2,162),(480,'2021-06-11 15:22:25','2021-06-11 15:22:25',NULL,NULL,'Wisconsin',NULL,3,162),(481,'2021-06-11 15:22:25','2021-06-11 15:22:25',NULL,NULL,'Ohio',NULL,1,163),(482,'2021-06-11 15:22:25','2021-06-11 15:22:25',NULL,NULL,'Ohio',NULL,2,163),(483,'2021-06-11 15:22:25','2021-06-11 15:22:25',NULL,NULL,'Ohio',NULL,3,163),(484,'2021-06-11 15:22:25','2021-06-11 15:22:25',NULL,NULL,'Georgia',NULL,1,164),(485,'2021-06-11 15:22:25','2021-06-11 15:22:25',NULL,NULL,'Georgie',NULL,2,164),(486,'2021-06-11 15:22:25','2021-06-11 15:22:25',NULL,NULL,'Georgia',NULL,3,164),(487,'2021-06-11 15:22:25','2021-06-11 15:22:25',NULL,NULL,'Murcia',NULL,1,165),(488,'2021-06-11 15:22:25','2021-06-11 15:22:25',NULL,NULL,'Murcia',NULL,2,165),(489,'2021-06-11 15:22:25','2021-06-11 15:22:25',NULL,NULL,'Murcia',NULL,3,165),(490,'2021-06-11 15:22:25','2021-06-11 15:22:25',NULL,NULL,'Oklahoma',NULL,1,166),(491,'2021-06-11 15:22:25','2021-06-11 15:22:25',NULL,NULL,'Oklahoma',NULL,2,166),(492,'2021-06-11 15:22:25','2021-06-11 15:22:25',NULL,NULL,'Oklahoma',NULL,3,166),(493,'2021-06-11 15:22:25','2021-06-11 15:22:25',NULL,NULL,'Genf',NULL,1,167),(494,'2021-06-11 15:22:25','2021-06-11 15:22:25',NULL,NULL,'Genf',NULL,2,167),(495,'2021-06-11 15:22:25','2021-06-11 15:22:25',NULL,NULL,'Genf',NULL,3,167),(496,'2021-06-11 15:22:25','2021-06-11 15:22:25',NULL,NULL,'West Virginia',NULL,1,168),(497,'2021-06-11 15:22:25','2021-06-11 15:22:25',NULL,NULL,'West Virginia',NULL,2,168),(498,'2021-06-11 15:22:25','2021-06-11 15:22:25',NULL,NULL,'West Virginia',NULL,3,168),(499,'2021-06-11 15:22:25','2021-06-11 15:22:25',NULL,NULL,'Ontario',NULL,1,169),(500,'2021-06-11 15:22:25','2021-06-11 15:22:25',NULL,NULL,'Ontario',NULL,2,169),(501,'2021-06-11 15:22:25','2021-06-11 15:22:25',NULL,NULL,'Ontario',NULL,3,169),(502,'2021-06-11 15:22:25','2021-06-11 15:22:25',NULL,NULL,'Oberosterreich',NULL,1,170),(503,'2021-06-11 15:22:25','2021-06-11 15:22:25',NULL,NULL,'Oberosterreich',NULL,2,170),(504,'2021-06-11 15:22:26','2021-06-11 15:22:26',NULL,NULL,'Oberosterreich',NULL,3,170),(505,'2021-06-11 15:22:26','2021-06-11 15:22:26',NULL,NULL,'Wyoming',NULL,1,171),(506,'2021-06-11 15:22:26','2021-06-11 15:22:26',NULL,NULL,'Wyoming',NULL,2,171),(507,'2021-06-11 15:22:26','2021-06-11 15:22:26',NULL,NULL,'Wyoming',NULL,3,171),(508,'2021-06-11 15:22:26','2021-06-11 15:22:26',NULL,NULL,'Burgenland',NULL,1,172),(509,'2021-06-11 15:22:26','2021-06-11 15:22:26',NULL,NULL,'Burgenland',NULL,2,172),(510,'2021-06-11 15:22:26','2021-06-11 15:22:26',NULL,NULL,'Burgenland',NULL,3,172),(511,'2021-06-11 15:22:26','2021-06-11 15:22:26',NULL,NULL,'Avila',NULL,1,173),(512,'2021-06-11 15:22:26','2021-06-11 15:22:26',NULL,NULL,'Avila',NULL,2,173),(513,'2021-06-11 15:22:26','2021-06-11 15:22:26',NULL,NULL,'Avila',NULL,3,173),(514,'2021-06-11 15:22:26','2021-06-11 15:22:26',NULL,NULL,'Oregon',NULL,1,174),(515,'2021-06-11 15:22:26','2021-06-11 15:22:26',NULL,NULL,'Oregon',NULL,2,174),(516,'2021-06-11 15:22:26','2021-06-11 15:22:26',NULL,NULL,'Oregon',NULL,3,174),(517,'2021-06-11 15:22:26','2021-06-11 15:22:26',NULL,NULL,'Salamanca',NULL,1,175),(518,'2021-06-11 15:22:26','2021-06-11 15:22:26',NULL,NULL,'Salamanca',NULL,2,175),(519,'2021-06-11 15:22:26','2021-06-11 15:22:26',NULL,NULL,'Salamanca',NULL,3,175),(520,'2021-06-11 15:22:26','2021-06-11 15:22:26',NULL,NULL,'Glarus',NULL,1,176),(521,'2021-06-11 15:22:26','2021-06-11 15:22:26',NULL,NULL,'Glarus',NULL,2,176),(522,'2021-06-11 15:22:26','2021-06-11 15:22:26',NULL,NULL,'Glarus',NULL,3,176),(523,'2021-06-11 15:22:26','2021-06-11 15:22:26',NULL,NULL,'Baleares',NULL,1,177),(524,'2021-06-11 15:22:26','2021-06-11 15:22:26',NULL,NULL,'Baleares',NULL,2,177),(525,'2021-06-11 15:22:26','2021-06-11 15:22:26',NULL,NULL,'Baleares',NULL,3,177),(526,'2021-06-11 15:22:26','2021-06-11 15:22:26',NULL,NULL,'Obwalden',NULL,1,178),(527,'2021-06-11 15:22:26','2021-06-11 15:22:26',NULL,NULL,'Obwalden',NULL,2,178),(528,'2021-06-11 15:22:26','2021-06-11 15:22:26',NULL,NULL,'Obwalden',NULL,3,178),(529,'2021-06-11 15:22:26','2021-06-11 15:22:26',NULL,NULL,'Graubnden',NULL,1,179),(530,'2021-06-11 15:22:26','2021-06-11 15:22:26',NULL,NULL,'Graubnden',NULL,2,179),(531,'2021-06-11 15:22:26','2021-06-11 15:22:26',NULL,NULL,'Graubnden',NULL,3,179),(532,'2021-06-11 15:22:26','2021-06-11 15:22:26',NULL,NULL,'Guam',NULL,1,180),(533,'2021-06-11 15:22:27','2021-06-11 15:22:27',NULL,NULL,'Guam',NULL,2,180),(534,'2021-06-11 15:22:27','2021-06-11 15:22:27',NULL,NULL,'Guam',NULL,3,180),(535,'2021-06-11 15:22:27','2021-06-11 15:22:27',NULL,NULL,'Pennsylvania',NULL,1,181),(536,'2021-06-11 15:22:27','2021-06-11 15:22:27',NULL,NULL,'Pennsylvanie',NULL,2,181),(537,'2021-06-11 15:22:27','2021-06-11 15:22:27',NULL,NULL,'Pennsylvania',NULL,3,181),(538,'2021-06-11 15:22:27','2021-06-11 15:22:27',NULL,NULL,'Victoria',NULL,1,182),(539,'2021-06-11 15:22:27','2021-06-11 15:22:27',NULL,NULL,'Victoria',NULL,2,182),(540,'2021-06-11 15:22:27','2021-06-11 15:22:27',NULL,NULL,'Victoria',NULL,3,182),(541,'2021-06-11 15:22:27','2021-06-11 15:22:27',NULL,NULL,'Bremen',NULL,1,183),(542,'2021-06-11 15:22:27','2021-06-11 15:22:27',NULL,NULL,'Bremen',NULL,2,183),(543,'2021-06-11 15:22:27','2021-06-11 15:22:27',NULL,NULL,'Bremen',NULL,3,183),(544,'2021-06-11 15:22:27','2021-06-11 15:22:27',NULL,NULL,'Prince Edward Island',NULL,1,184),(545,'2021-06-11 15:22:27','2021-06-11 15:22:27',NULL,NULL,'Île-du-Prince-Édouard',NULL,2,184),(546,'2021-06-11 15:22:27','2021-06-11 15:22:27',NULL,NULL,'Prince Edward Island',NULL,3,184),(547,'2021-06-11 15:22:27','2021-06-11 15:22:27',NULL,NULL,'Brandenburg',NULL,1,185),(548,'2021-06-11 15:22:27','2021-06-11 15:22:27',NULL,NULL,'Brandenburg',NULL,2,185),(549,'2021-06-11 15:22:27','2021-06-11 15:22:27',NULL,NULL,'Brandenburg',NULL,3,185),(550,'2021-06-11 15:22:27','2021-06-11 15:22:27',NULL,NULL,'Hessen',NULL,1,186),(551,'2021-06-11 15:22:27','2021-06-11 15:22:27',NULL,NULL,'Hessen',NULL,2,186),(552,'2021-06-11 15:22:27','2021-06-11 15:22:27',NULL,NULL,'Hessen',NULL,3,186),(553,'2021-06-11 15:22:27','2021-06-11 15:22:27',NULL,NULL,'Almeria',NULL,1,187),(554,'2021-06-11 15:22:27','2021-06-11 15:22:27',NULL,NULL,'Almeria',NULL,2,187),(555,'2021-06-11 15:22:27','2021-06-11 15:22:27',NULL,NULL,'Almeria',NULL,3,187),(556,'2021-06-11 15:22:27','2021-06-11 15:22:27',NULL,NULL,'Baden-Wrttemberg',NULL,1,188),(557,'2021-06-11 15:22:27','2021-06-11 15:22:27',NULL,NULL,'Baden-Wrttemberg',NULL,2,188),(558,'2021-06-11 15:22:27','2021-06-11 15:22:27',NULL,NULL,'Baden-Wrttemberg',NULL,3,188),(559,'2021-06-11 15:22:27','2021-06-11 15:22:27',NULL,NULL,'Bayern',NULL,1,189),(560,'2021-06-11 15:22:27','2021-06-11 15:22:27',NULL,NULL,'Bayern',NULL,2,189),(561,'2021-06-11 15:22:27','2021-06-11 15:22:27',NULL,NULL,'Bayern',NULL,3,189),(562,'2021-06-11 15:22:27','2021-06-11 15:22:27',NULL,NULL,'Navarra',NULL,1,190),(563,'2021-06-11 15:22:27','2021-06-11 15:22:27',NULL,NULL,'Navarra',NULL,2,190),(564,'2021-06-11 15:22:27','2021-06-11 15:22:27',NULL,NULL,'Navarra',NULL,3,190),(565,'2021-06-11 15:22:27','2021-06-11 15:22:27',NULL,NULL,'Valencia',NULL,1,191),(566,'2021-06-11 15:22:27','2021-06-11 15:22:27',NULL,NULL,'Valencia',NULL,2,191),(567,'2021-06-11 15:22:27','2021-06-11 15:22:27',NULL,NULL,'Valencia',NULL,3,191),(568,'2021-06-11 15:22:27','2021-06-11 15:22:27',NULL,NULL,'Schleswig-Holstein',NULL,1,192),(569,'2021-06-11 15:22:27','2021-06-11 15:22:27',NULL,NULL,'Schleswig-Holstein',NULL,2,192),(570,'2021-06-11 15:22:27','2021-06-11 15:22:27',NULL,NULL,'Schleswig-Holstein',NULL,3,192),(571,'2021-06-11 15:22:27','2021-06-11 15:22:27',NULL,NULL,'Andhra Pradesh',NULL,1,193),(572,'2021-06-11 15:22:27','2021-06-11 15:22:27',NULL,NULL,'Andhra Pradesh',NULL,2,193),(573,'2021-06-11 15:22:27','2021-06-11 15:22:27',NULL,NULL,'Andhra Pradesh',NULL,3,193),(574,'2021-06-11 15:22:27','2021-06-11 15:22:27',NULL,NULL,'Arunachal Pradesh',NULL,1,194),(575,'2021-06-11 15:22:27','2021-06-11 15:22:27',NULL,NULL,'Arunachal Pradesh',NULL,2,194),(576,'2021-06-11 15:22:27','2021-06-11 15:22:27',NULL,NULL,'Arunachal Pradesh',NULL,3,194),(577,'2021-06-11 15:22:27','2021-06-11 15:22:27',NULL,NULL,'Assam',NULL,1,195),(578,'2021-06-11 15:22:27','2021-06-11 15:22:27',NULL,NULL,'Assam',NULL,2,195),(579,'2021-06-11 15:22:27','2021-06-11 15:22:27',NULL,NULL,'Assam',NULL,3,195),(580,'2021-06-11 15:22:27','2021-06-11 15:22:27',NULL,NULL,'Bihar',NULL,1,196),(581,'2021-06-11 15:22:27','2021-06-11 15:22:27',NULL,NULL,'Bihar',NULL,2,196),(582,'2021-06-11 15:22:27','2021-06-11 15:22:27',NULL,NULL,'Bihar',NULL,3,196),(583,'2021-06-11 15:22:27','2021-06-11 15:22:27',NULL,NULL,'Chhattisgarh',NULL,1,197),(584,'2021-06-11 15:22:27','2021-06-11 15:22:27',NULL,NULL,'Chhattisgarh',NULL,2,197),(585,'2021-06-11 15:22:27','2021-06-11 15:22:27',NULL,NULL,'Chhattisgarh',NULL,3,197),(586,'2021-06-11 15:22:27','2021-06-11 15:22:27',NULL,NULL,'Goa',NULL,1,198),(587,'2021-06-11 15:22:28','2021-06-11 15:22:28',NULL,NULL,'Goa',NULL,2,198),(588,'2021-06-11 15:22:28','2021-06-11 15:22:28',NULL,NULL,'Goa',NULL,3,198),(589,'2021-06-11 15:22:28','2021-06-11 15:22:28',NULL,NULL,'Gujarat',NULL,1,199),(590,'2021-06-11 15:22:28','2021-06-11 15:22:28',NULL,NULL,'Gujarat',NULL,2,199),(591,'2021-06-11 15:22:28','2021-06-11 15:22:28',NULL,NULL,'Gujarat',NULL,3,199),(592,'2021-06-11 15:22:28','2021-06-11 15:22:28',NULL,NULL,'Haryana',NULL,1,200),(593,'2021-06-11 15:22:28','2021-06-11 15:22:28',NULL,NULL,'Haryana',NULL,2,200),(594,'2021-06-11 15:22:28','2021-06-11 15:22:28',NULL,NULL,'Haryana',NULL,3,200),(595,'2021-06-11 15:22:28','2021-06-11 15:22:28',NULL,NULL,'Himachal Pradesh',NULL,1,201),(596,'2021-06-11 15:22:28','2021-06-11 15:22:28',NULL,NULL,'Himachal Pradesh',NULL,2,201),(597,'2021-06-11 15:22:28','2021-06-11 15:22:28',NULL,NULL,'Himachal Pradesh',NULL,3,201),(598,'2021-06-11 15:22:28','2021-06-11 15:22:28',NULL,NULL,'Jharkhand',NULL,1,202),(599,'2021-06-11 15:22:28','2021-06-11 15:22:28',NULL,NULL,'Jharkhand',NULL,2,202),(600,'2021-06-11 15:22:28','2021-06-11 15:22:28',NULL,NULL,'Jharkhand',NULL,3,202),(601,'2021-06-11 15:22:28','2021-06-11 15:22:28',NULL,NULL,'Karnataka',NULL,1,203),(602,'2021-06-11 15:22:28','2021-06-11 15:22:28',NULL,NULL,'Karnataka',NULL,2,203),(603,'2021-06-11 15:22:28','2021-06-11 15:22:28',NULL,NULL,'Karnataka',NULL,3,203),(604,'2021-06-11 15:22:28','2021-06-11 15:22:28',NULL,NULL,'Kerala',NULL,1,204),(605,'2021-06-11 15:22:28','2021-06-11 15:22:28',NULL,NULL,'Kerala',NULL,2,204),(606,'2021-06-11 15:22:28','2021-06-11 15:22:28',NULL,NULL,'Kerala',NULL,3,204),(607,'2021-06-11 15:22:28','2021-06-11 15:22:28',NULL,NULL,'Madhya Pradesh',NULL,1,205),(608,'2021-06-11 15:22:28','2021-06-11 15:22:28',NULL,NULL,'Madhya Pradesh',NULL,2,205),(609,'2021-06-11 15:22:28','2021-06-11 15:22:28',NULL,NULL,'Madhya Pradesh',NULL,3,205),(610,'2021-06-11 15:22:28','2021-06-11 15:22:28',NULL,NULL,'Maharashtra',NULL,1,206),(611,'2021-06-11 15:22:28','2021-06-11 15:22:28',NULL,NULL,'Maharashtra',NULL,2,206),(612,'2021-06-11 15:22:28','2021-06-11 15:22:28',NULL,NULL,'Maharashtra',NULL,3,206),(613,'2021-06-11 15:22:28','2021-06-11 15:22:28',NULL,NULL,'Manipur',NULL,1,207),(614,'2021-06-11 15:22:28','2021-06-11 15:22:28',NULL,NULL,'Manipur',NULL,2,207),(615,'2021-06-11 15:22:28','2021-06-11 15:22:28',NULL,NULL,'Manipur',NULL,3,207),(616,'2021-06-11 15:22:28','2021-06-11 15:22:28',NULL,NULL,'Meghalaya',NULL,1,208),(617,'2021-06-11 15:22:28','2021-06-11 15:22:28',NULL,NULL,'Meghalaya',NULL,2,208),(618,'2021-06-11 15:22:28','2021-06-11 15:22:28',NULL,NULL,'Meghalaya',NULL,3,208),(619,'2021-06-11 15:22:28','2021-06-11 15:22:28',NULL,NULL,'Mizoram',NULL,1,209),(620,'2021-06-11 15:22:28','2021-06-11 15:22:28',NULL,NULL,'Mizoram',NULL,2,209),(621,'2021-06-11 15:22:28','2021-06-11 15:22:28',NULL,NULL,'Mizoram',NULL,3,209),(622,'2021-06-11 15:22:28','2021-06-11 15:22:28',NULL,NULL,'Nagaland',NULL,1,210),(623,'2021-06-11 15:22:28','2021-06-11 15:22:28',NULL,NULL,'Nagaland',NULL,2,210),(624,'2021-06-11 15:22:28','2021-06-11 15:22:28',NULL,NULL,'Nagaland',NULL,3,210),(625,'2021-06-11 15:22:28','2021-06-11 15:22:28',NULL,NULL,'Odisha',NULL,1,211),(626,'2021-06-11 15:22:28','2021-06-11 15:22:28',NULL,NULL,'Odisha',NULL,2,211),(627,'2021-06-11 15:22:28','2021-06-11 15:22:28',NULL,NULL,'Odisha',NULL,3,211),(628,'2021-06-11 15:22:28','2021-06-11 15:22:28',NULL,NULL,'Punjab',NULL,1,212),(629,'2021-06-11 15:22:28','2021-06-11 15:22:28',NULL,NULL,'Punjab',NULL,2,212),(630,'2021-06-11 15:22:28','2021-06-11 15:22:28',NULL,NULL,'Punjab',NULL,3,212),(631,'2021-06-11 15:22:28','2021-06-11 15:22:28',NULL,NULL,'Rajasthan',NULL,1,213),(632,'2021-06-11 15:22:28','2021-06-11 15:22:28',NULL,NULL,'Rajasthan',NULL,2,213),(633,'2021-06-11 15:22:28','2021-06-11 15:22:28',NULL,NULL,'Rajasthan',NULL,3,213),(634,'2021-06-11 15:22:28','2021-06-11 15:22:28',NULL,NULL,'Sikkim',NULL,1,214),(635,'2021-06-11 15:22:28','2021-06-11 15:22:28',NULL,NULL,'Sikkim',NULL,2,214),(636,'2021-06-11 15:22:28','2021-06-11 15:22:28',NULL,NULL,'Sikkim',NULL,3,214),(637,'2021-06-11 15:22:29','2021-06-11 15:22:29',NULL,NULL,'Tamil Nadu',NULL,1,215),(638,'2021-06-11 15:22:29','2021-06-11 15:22:29',NULL,NULL,'Tamil Nadu',NULL,2,215),(639,'2021-06-11 15:22:29','2021-06-11 15:22:29',NULL,NULL,'Tamil Nadu',NULL,3,215),(640,'2021-06-11 15:22:29','2021-06-11 15:22:29',NULL,NULL,'Telangana',NULL,1,216),(641,'2021-06-11 15:22:29','2021-06-11 15:22:29',NULL,NULL,'Telangana',NULL,2,216),(642,'2021-06-11 15:22:29','2021-06-11 15:22:29',NULL,NULL,'Telangana',NULL,3,216),(643,'2021-06-11 15:22:29','2021-06-11 15:22:29',NULL,NULL,'Tripura',NULL,1,217),(644,'2021-06-11 15:22:29','2021-06-11 15:22:29',NULL,NULL,'Tripura',NULL,2,217),(645,'2021-06-11 15:22:29','2021-06-11 15:22:29',NULL,NULL,'Tripura',NULL,3,217),(646,'2021-06-11 15:22:29','2021-06-11 15:22:29',NULL,NULL,'Uttarakhand',NULL,1,218),(647,'2021-06-11 15:22:29','2021-06-11 15:22:29',NULL,NULL,'Uttarakhand',NULL,2,218),(648,'2021-06-11 15:22:29','2021-06-11 15:22:29',NULL,NULL,'Uttarakhand',NULL,3,218),(649,'2021-06-11 15:22:29','2021-06-11 15:22:29',NULL,NULL,'West Bengal',NULL,1,219),(650,'2021-06-11 15:22:29','2021-06-11 15:22:29',NULL,NULL,'West Bengal',NULL,2,219),(651,'2021-06-11 15:22:29','2021-06-11 15:22:29',NULL,NULL,'West Bengal',NULL,3,219);
/*!40000 ALTER TABLE `ZONE_DESCRIPTION` ENABLE KEYS */;
UNLOCK TABLES;
/*!40103 SET TIME_ZONE=@OLD_TIME_ZONE */;

/*!40101 SET SQL_MODE=@OLD_SQL_MODE */;
/*!40014 SET FOREIGN_KEY_CHECKS=@OLD_FOREIGN_KEY_CHECKS */;
/*!40014 SET UNIQUE_CHECKS=@OLD_UNIQUE_CHECKS */;
/*!40101 SET CHARACTER_SET_CLIENT=@OLD_CHARACTER_SET_CLIENT */;
/*!40101 SET CHARACTER_SET_RESULTS=@OLD_CHARACTER_SET_RESULTS */;
/*!40101 SET COLLATION_CONNECTION=@OLD_COLLATION_CONNECTION */;
/*!40111 SET SQL_NOTES=@OLD_SQL_NOTES */;

-- Dump completed on 2021-06-30 13:08:42
